antecedent,consequent,support,confidence,lift,antecedent_size,consequent_size,antecedent_set,consequent_set,rule_type,cuisine_involved
cuisine:indian,sugar,0.035546038543897214,0.7109207708779444,1.393494228751312,1,1,frozenset({'cuisine:indian'}),frozenset({'sugar'}),cuisine_to_ingredient,indian
cuisine:jamaican,sugar,0.032548179871520345,0.6509635974304069,1.2759706190975868,1,1,frozenset({'cuisine:jamaican'}),frozenset({'sugar'}),cuisine_to_ingredient,jamaican
cuisine:southern_us,sugar,0.030835117773019272,0.6167023554603854,1.2088142707240295,1,1,frozenset({'cuisine:southern_us'}),frozenset({'sugar'}),cuisine_to_ingredient,southern_us
cuisine:korean,pasta,0.029978586723768737,0.5995717344753747,2.9427220178665263,1,1,frozenset({'cuisine:korean'}),frozenset({'pasta'}),cuisine_to_ingredient,korean
cuisine:chinese,pasta,0.029443254817987152,0.588865096359743,2.890173410404624,1,1,frozenset({'cuisine:chinese'}),frozenset({'pasta'}),cuisine_to_ingredient,chinese
cuisine:vietnamese,rice,0.028586723768736617,0.5717344753747323,3.5623749166110743,1,1,frozenset({'cuisine:vietnamese'}),frozenset({'rice'}),cuisine_to_ingredient,vietnamese
cuisine:moroccan,yeast,0.025910064239828695,0.5182012847965739,2.652054794520548,1,1,frozenset({'cuisine:moroccan'}),frozenset({'yeast'}),cuisine_to_ingredient,moroccan
cuisine:thai,rice,0.02537473233404711,0.5074946466809421,3.162108072048032,1,1,frozenset({'cuisine:thai'}),frozenset({'rice'}),cuisine_to_ingredient,thai
cuisine:filipino,corn,0.025267665952890792,0.5053533190578159,1.6555594528235709,1,1,frozenset({'cuisine:filipino'}),frozenset({'corn'}),cuisine_to_ingredient,filipino
cuisine:vietnamese,chicken,0.024089935760171308,0.4817987152034261,1.9719544259421558,1,1,frozenset({'cuisine:vietnamese'}),frozenset({'chicken'}),cuisine_to_ingredient,vietnamese
cuisine:thai,corn,0.023554603854389723,0.47109207708779444,1.5433181339880746,1,1,frozenset({'cuisine:thai'}),frozenset({'corn'}),cuisine_to_ingredient,thai
cuisine:greek,yeast,0.023126338329764455,0.4625267665952891,2.367123287671233,1,1,frozenset({'cuisine:greek'}),frozenset({'yeast'}),cuisine_to_ingredient,greek
cuisine:korean,chicken,0.022055674518201285,0.4411134903640257,1.8054338299737072,1,1,frozenset({'cuisine:korean'}),frozenset({'chicken'}),cuisine_to_ingredient,korean
cuisine:japanese,pasta,0.021948608137044967,0.43897216274089934,2.1544929059379925,1,1,frozenset({'cuisine:japanese'}),frozenset({'pasta'}),cuisine_to_ingredient,japanese
cuisine:filipino,grape,0.021734475374732335,0.4346895074946467,1.9123881300047103,1,1,frozenset({'cuisine:filipino'}),frozenset({'grape'}),cuisine_to_ingredient,filipino
cuisine:spanish,yeast,0.021306209850107068,0.4261241970021413,2.180821917808219,1,1,frozenset({'cuisine:spanish'}),frozenset({'yeast'}),cuisine_to_ingredient,spanish
cuisine:moroccan,cornmeal,0.0208779443254818,0.41755888650963596,6.132075471698113,1,1,frozenset({'cuisine:moroccan'}),frozenset({'cornmeal'}),cuisine_to_ingredient,moroccan
cuisine:vietnamese,corn,0.020556745182012847,0.41113490364025695,1.3468958260259558,1,1,frozenset({'cuisine:vietnamese'}),frozenset({'corn'}),cuisine_to_ingredient,vietnamese
cuisine:chinese,char,0.020342612419700215,0.4068522483940043,7.933194154488518,1,1,frozenset({'cuisine:chinese'}),frozenset({'char'}),cuisine_to_ingredient,chinese
cuisine:italian,yeast,0.02012847965738758,0.4025695931477516,2.0602739726027397,1,1,frozenset({'cuisine:italian'}),frozenset({'yeast'}),cuisine_to_ingredient,italian
cuisine:filipino,pasta,0.02012847965738758,0.4025695931477516,1.9758276405675248,1,1,frozenset({'cuisine:filipino'}),frozenset({'pasta'}),cuisine_to_ingredient,filipino
cuisine:korean,corn,0.02012847965738758,0.4025695931477516,1.3188354963170819,1,1,frozenset({'cuisine:korean'}),frozenset({'corn'}),cuisine_to_ingredient,korean
cuisine:greek,beef,0.020021413276231262,0.4004282655246253,2.092893116955792,1,1,frozenset({'cuisine:greek'}),frozenset({'beef'}),cuisine_to_ingredient,greek
cuisine:chinese,chicken,0.01980728051391863,0.3961456102783726,1.6213847502191059,1,1,frozenset({'cuisine:chinese'}),frozenset({'chicken'}),cuisine_to_ingredient,chinese
cuisine:jamaican,corn,0.01980728051391863,0.3961456102783726,1.2977902490354263,1,1,frozenset({'cuisine:jamaican'}),frozenset({'corn'}),cuisine_to_ingredient,jamaican
cuisine:mexican,corn,0.019271948608137045,0.3854389721627409,1.2627148368993337,1,1,frozenset({'cuisine:mexican'}),frozenset({'corn'}),cuisine_to_ingredient,mexican
cuisine:russian,chicken,0.01873661670235546,0.3747323340471092,1.5337423312883434,1,1,frozenset({'cuisine:russian'}),frozenset({'chicken'}),cuisine_to_ingredient,russian
cuisine:korean,cereal,0.018629550321199142,0.37259100642398285,3.6287799791449427,1,1,frozenset({'cuisine:korean'}),frozenset({'cereal'}),cuisine_to_ingredient,korean
cuisine:chinese,corn,0.018522483940042828,0.37044967880085655,1.2136092599088042,1,1,frozenset({'cuisine:chinese'}),frozenset({'corn'}),cuisine_to_ingredient,chinese
cuisine:indian,lentil,0.018201284796573874,0.3640256959314775,14.782608695652174,1,1,frozenset({'cuisine:indian'}),frozenset({'lentil'}),cuisine_to_ingredient,indian
cuisine:irish,tikka paste,0.017665952890792293,0.3533190578158458,2.7731092436974794,1,1,frozenset({'cuisine:irish'}),frozenset({'tikka paste'}),cuisine_to_ingredient,irish
cuisine:irish,crabmeat,0.016916488222698072,0.33832976445396146,2.7054794520547945,1,1,frozenset({'cuisine:irish'}),frozenset({'crabmeat'}),cuisine_to_ingredient,irish
cuisine:british,tikka paste,0.016595289079229122,0.33190578158458245,2.6050420168067228,1,1,frozenset({'cuisine:british'}),frozenset({'tikka paste'}),cuisine_to_ingredient,british
cuisine:filipino,"corn, sugar",0.016595289079229122,0.33190578158458245,1.9254658385093169,1,2,frozenset({'cuisine:filipino'}),"frozenset({'corn', 'sugar'})",cuisine_to_ingredient,filipino
cuisine:indian,butter,0.016488222698072805,0.3297644539614561,7.837150127226463,1,1,frozenset({'cuisine:indian'}),frozenset({'butter'}),cuisine_to_ingredient,indian
cuisine:moroccan,cucumber,0.016488222698072805,0.3297644539614561,2.081081081081081,1,1,frozenset({'cuisine:moroccan'}),frozenset({'cucumber'}),cuisine_to_ingredient,moroccan
cuisine:southern_us,tikka paste,0.016381156316916487,0.32762312633832974,2.5714285714285716,1,1,frozenset({'cuisine:southern_us'}),frozenset({'tikka paste'}),cuisine_to_ingredient,southern_us
cuisine:southern_us,beef,0.015845824411134905,0.3169164882226981,1.6564073866815894,1,1,frozenset({'cuisine:southern_us'}),frozenset({'beef'}),cuisine_to_ingredient,southern_us
cuisine:korean,"chicken, pasta",0.015738758029978588,0.3147751605995717,4.916387959866221,1,2,frozenset({'cuisine:korean'}),"frozenset({'pasta', 'chicken'})",cuisine_to_ingredient,korean
cuisine:japanese,chicken,0.01563169164882227,0.31263383297644537,1.2795793163891322,1,1,frozenset({'cuisine:japanese'}),frozenset({'chicken'}),cuisine_to_ingredient,japanese
cuisine:southern_us,crabmeat,0.015524625267665952,0.31049250535331907,2.482876712328767,1,1,frozenset({'cuisine:southern_us'}),frozenset({'crabmeat'}),cuisine_to_ingredient,southern_us
cuisine:french,chicken,0.015417558886509636,0.3083511777301927,1.2620508326029798,1,1,frozenset({'cuisine:french'}),frozenset({'chicken'}),cuisine_to_ingredient,french
cuisine:spanish,tagliatelle,0.015310492505353318,0.30620985010706636,1.8877887788778875,1,1,frozenset({'cuisine:spanish'}),frozenset({'tagliatelle'}),cuisine_to_ingredient,spanish
cuisine:chinese,grape,0.015310492505353318,0.30620985010706636,1.3471502590673574,1,1,frozenset({'cuisine:chinese'}),frozenset({'grape'}),cuisine_to_ingredient,chinese
cuisine:moroccan,"sugar, yeast",0.015096359743040685,0.3019271948608137,2.6503759398496243,1,2,frozenset({'cuisine:moroccan'}),"frozenset({'yeast', 'sugar'})",cuisine_to_ingredient,moroccan
"lentil, sugar",cuisine:indian,0.013169164882226981,0.7454545454545455,14.909090909090908,2,1,"frozenset({'sugar', 'lentil'})",frozenset({'cuisine:indian'}),ingredient_to_cuisine,indian
lentil,cuisine:indian,0.018201284796573874,0.7391304347826086,14.782608695652172,1,1,frozenset({'lentil'}),frozenset({'cuisine:indian'}),ingredient_to_cuisine,indian
"char, pasta",cuisine:chinese,0.012419700214132762,0.5714285714285714,11.428571428571427,2,1,"frozenset({'pasta', 'char'})",frozenset({'cuisine:chinese'}),ingredient_to_cuisine,chinese
juice,cuisine:italian,0.010920770877944325,0.5573770491803278,11.147540983606556,1,1,frozenset({'juice'}),frozenset({'cuisine:italian'}),ingredient_to_cuisine,italian
"semolina, sugar",cuisine:indian,0.011241970021413276,0.5412371134020618,10.824742268041236,2,1,"frozenset({'semolina', 'sugar'})",frozenset({'cuisine:indian'}),ingredient_to_cuisine,indian
"cornmeal, yeast",cuisine:moroccan,0.012312633832976445,0.5299539170506913,10.599078341013826,2,1,"frozenset({'yeast', 'cornmeal'})",frozenset({'cuisine:moroccan'}),ingredient_to_cuisine,moroccan
semolina,cuisine:indian,0.013918629550321198,0.45454545454545453,9.09090909090909,1,1,frozenset({'semolina'}),frozenset({'cuisine:indian'}),ingredient_to_cuisine,indian
"butter, sugar",cuisine:indian,0.012205567451820129,0.4541832669322709,9.083665338645417,2,1,"frozenset({'butter', 'sugar'})",frozenset({'cuisine:indian'}),ingredient_to_cuisine,indian
chicken bouillon,cuisine:korean,0.013918629550321198,0.4452054794520548,8.904109589041095,1,1,frozenset({'chicken bouillon'}),frozenset({'cuisine:korean'}),ingredient_to_cuisine,korean
egg,cuisine:japanese,0.011241970021413276,0.42168674698795183,8.433734939759036,1,1,frozenset({'egg'}),frozenset({'cuisine:japanese'}),ingredient_to_cuisine,japanese
char,cuisine:chinese,0.020342612419700215,0.3966597077244259,7.933194154488517,1,1,frozenset({'char'}),frozenset({'cuisine:chinese'}),ingredient_to_cuisine,chinese
mahlab,cuisine:cajun_creole,0.010385438972162741,0.39271255060728744,7.854251012145748,1,1,frozenset({'mahlab'}),frozenset({'cuisine:cajun_creole'}),ingredient_to_cuisine,cajun_creole
butter,cuisine:indian,0.016488222698072805,0.39185750636132316,7.8371501272264625,1,1,frozenset({'butter'}),frozenset({'cuisine:indian'}),ingredient_to_cuisine,indian
taco seasoning,cuisine:russian,0.012312633832976445,0.3758169934640523,7.516339869281046,1,1,frozenset({'taco seasoning'}),frozenset({'cuisine:russian'}),ingredient_to_cuisine,russian
"chicken, rice",cuisine:vietnamese,0.014025695931477516,0.3732193732193732,7.464387464387464,2,1,"frozenset({'chicken', 'rice'})",frozenset({'cuisine:vietnamese'}),ingredient_to_cuisine,vietnamese
salmon,cuisine:greek,0.011884368308351177,0.3415384615384615,6.83076923076923,1,1,frozenset({'salmon'}),frozenset({'cuisine:greek'}),ingredient_to_cuisine,greek
bitter gourd,cuisine:cajun_creole,0.010920770877944325,0.33663366336633666,6.732673267326732,1,1,frozenset({'bitter gourd'}),frozenset({'cuisine:cajun_creole'}),ingredient_to_cuisine,cajun_creole
"cereal, pasta",cuisine:korean,0.012419700214132762,0.31868131868131866,6.373626373626373,2,1,"frozenset({'pasta', 'cereal'})",frozenset({'cuisine:korean'}),ingredient_to_cuisine,korean
cornmeal,cuisine:moroccan,0.0208779443254818,0.30660377358490565,6.132075471698113,1,1,frozenset({'cornmeal'}),frozenset({'cuisine:moroccan'}),ingredient_to_cuisine,moroccan
shell,cuisine:thai,0.010706638115631691,0.30303030303030304,6.0606060606060606,1,1,frozenset({'shell'}),frozenset({'cuisine:thai'}),ingredient_to_cuisine,thai
"chocolate, pisco",sugar,0.011670235546038544,0.9159663865546218,1.7954094544428474,2,1,"frozenset({'chocolate', 'pisco'})",frozenset({'sugar'}),ingredient_to_ingredient,
"chocolate, crouton",sugar,0.013918629550321198,0.87248322147651,1.7101769755699066,2,1,"frozenset({'chocolate', 'crouton'})",frozenset({'sugar'}),ingredient_to_ingredient,
"chocolate, cola",sugar,0.01006423982869379,0.8703703703703703,1.7060355213555634,2,1,"frozenset({'chocolate', 'cola'})",frozenset({'sugar'}),ingredient_to_ingredient,
"chocolate, pepper",sugar,0.019700214132762312,0.8679245283018868,1.7012413629254195,2,1,"frozenset({'chocolate', 'pepper'})",frozenset({'sugar'}),ingredient_to_ingredient,
"chocolate, shrimp stock",sugar,0.017773019271948607,0.8512820512820513,1.6686200123765706,2,1,"frozenset({'chocolate', 'shrimp stock'})",frozenset({'sugar'}),ingredient_to_ingredient,
"chocolate, grape",sugar,0.03501070663811563,0.8257575757575758,1.6185888263537793,2,1,"frozenset({'chocolate', 'grape'})",frozenset({'sugar'}),ingredient_to_ingredient,
"pork, tikka paste",sugar,0.013704496788008565,0.8152866242038217,1.5980644428255393,2,1,"frozenset({'tikka paste', 'pork'})",frozenset({'sugar'}),ingredient_to_ingredient,
"chocolate, shrimp",sugar,0.018522483940042828,0.812206572769953,1.5920271541807685,2,1,"frozenset({'chocolate', 'shrimp'})",frozenset({'sugar'}),ingredient_to_ingredient,
"grape, tikka paste",sugar,0.020985010706638114,0.8099173553719008,1.5875399998265591,2,1,"frozenset({'tikka paste', 'grape'})",frozenset({'sugar'}),ingredient_to_ingredient,
"chocolate, tikka paste",sugar,0.013918629550321198,0.7878787878787878,1.5443416324843398,2,1,"frozenset({'tikka paste', 'chocolate'})",frozenset({'sugar'}),ingredient_to_ingredient,
"chocolate, crabmeat",sugar,0.021627408993576017,0.7859922178988327,1.54064371777022,2,1,"frozenset({'chocolate', 'crabmeat'})",frozenset({'sugar'}),ingredient_to_ingredient,
"chocolate, yeast",sugar,0.038329764453961454,0.7799564270152506,1.5288128076227578,2,1,"frozenset({'chocolate', 'yeast'})",frozenset({'sugar'}),ingredient_to_ingredient,
"chicken, wheat gluten",sugar,0.012419700214132762,0.7785234899328859,1.526004070508532,2,1,"frozenset({'chicken', 'wheat gluten'})",frozenset({'sugar'}),ingredient_to_ingredient,
"cola, tikka paste",sugar,0.017987152034261242,0.7777777777777778,1.5245423807858227,2,1,"frozenset({'tikka paste', 'cola'})",frozenset({'sugar'}),ingredient_to_ingredient,
"corn, wheat gluten",sugar,0.014668094218415417,0.7740112994350282,1.5171596089660366,2,1,"frozenset({'corn', 'wheat gluten'})",frozenset({'sugar'}),ingredient_to_ingredient,
"chocolate, vermicelli",sugar,0.021413276231263382,0.7722007722007722,1.513610747608649,2,1,"frozenset({'chocolate', 'vermicelli'})",frozenset({'sugar'}),ingredient_to_ingredient,
"chocolate, ginger",sugar,0.01145610278372591,0.7697841726618705,1.5088739082186509,2,1,"frozenset({'ginger', 'chocolate'})",frozenset({'sugar'}),ingredient_to_ingredient,
"chocolate, rice",sugar,0.026124197002141327,0.7697160883280757,1.5087404543513594,2,1,"frozenset({'chocolate', 'rice'})",frozenset({'sugar'}),ingredient_to_ingredient,
"chicken, tikka paste",sugar,0.03179871520342612,0.7694300518134715,1.5081797867655453,2,1,"frozenset({'tikka paste', 'chicken'})",frozenset({'sugar'}),ingredient_to_ingredient,
"chocolate, corn",sugar,0.045503211991434686,0.7643884892086331,1.4982976892358097,2,1,"frozenset({'chocolate', 'corn'})",frozenset({'sugar'}),ingredient_to_ingredient,
"crabmeat, grape",sugar,0.016595289079229122,0.7635467980295566,1.496647868540621,2,1,"frozenset({'crabmeat', 'grape'})",frozenset({'sugar'}),ingredient_to_ingredient,
"cherry, tikka paste",sugar,0.011991434689507495,0.7619047619047619,1.493429270973867,2,1,"frozenset({'tikka paste', 'cherry'})",frozenset({'sugar'}),ingredient_to_ingredient,
"tikka paste, wheat gluten",sugar,0.017451820128479657,0.7616822429906542,1.4929931058830452,2,1,"frozenset({'tikka paste', 'wheat gluten'})",frozenset({'sugar'}),ingredient_to_ingredient,
"espresso, grape",sugar,0.019057815845824413,0.7606837606837606,1.4910359548344858,2,1,"frozenset({'espresso', 'grape'})",frozenset({'sugar'}),ingredient_to_ingredient,
"cheese, chocolate",sugar,0.020663811563169165,0.7598425196850394,1.4893870165494791,2,1,"frozenset({'chocolate', 'cheese'})",frozenset({'sugar'}),ingredient_to_ingredient,
"pepper, shrimp stock",sugar,0.010492505353319057,0.7596899224806202,1.4890879068140594,2,1,"frozenset({'pepper', 'shrimp stock'})",frozenset({'sugar'}),ingredient_to_ingredient,
"chocolate, cucumber",sugar,0.016809421841541754,0.7584541062801933,1.486665551449529,2,1,"frozenset({'chocolate', 'cucumber'})",frozenset({'sugar'}),ingredient_to_ingredient,
"corn, tikka paste",sugar,0.034796573875803,0.7575757575757576,1.4849438773887882,2,1,"frozenset({'tikka paste', 'corn'})",frozenset({'sugar'}),ingredient_to_ingredient,
wheat gluten,sugar,0.026231263383297645,0.7561728395061729,1.48219398131955,1,1,frozenset({'wheat gluten'}),frozenset({'sugar'}),ingredient_to_ingredient,
"crouton, grape",sugar,0.011884368308351177,0.7551020408163265,1.4800950810544575,2,1,"frozenset({'grape', 'crouton'})",frozenset({'sugar'}),ingredient_to_ingredient,
chocolate,sugar,0.1273019271948608,0.7530082330588981,1.4759909542014917,1,1,frozenset({'chocolate'}),frozenset({'sugar'}),ingredient_to_ingredient,
"chocolate, daikon",sugar,0.014668094218415417,0.7486338797814208,1.4674166709671503,2,1,"frozenset({'chocolate', 'daikon'})",frozenset({'sugar'}),ingredient_to_ingredient,
"corn, crabmeat",sugar,0.028372591006423982,0.748587570621469,1.4673258991824807,2,1,"frozenset({'crabmeat', 'corn'})",frozenset({'sugar'}),ingredient_to_ingredient,
"cheese, tikka paste",sugar,0.01113490364025696,0.7482014388489209,1.4665690322872869,2,1,"frozenset({'tikka paste', 'cheese'})",frozenset({'sugar'}),ingredient_to_ingredient,
"thyme, tikka paste",sugar,0.01006423982869379,0.746031746031746,1.4623161611619115,2,1,"frozenset({'tikka paste', 'thyme'})",frozenset({'sugar'}),ingredient_to_ingredient,
"chocolate, tomato",sugar,0.014025695931477516,0.7443181818181818,1.4589573595344845,2,1,"frozenset({'chocolate', 'tomato'})",frozenset({'sugar'}),ingredient_to_ingredient,
"cereal, chocolate",sugar,0.015203426124197002,0.743455497382199,1.4572663894123272,2,1,"frozenset({'chocolate', 'cereal'})",frozenset({'sugar'}),ingredient_to_ingredient,
"chicken, seasoning",sugar,0.012098501070663811,0.743421052631579,1.4571988733638925,2,1,"frozenset({'chicken', 'seasoning'})",frozenset({'sugar'}),ingredient_to_ingredient,
"chocolate, sausage",sugar,0.012419700214132762,0.7388535031847133,1.4482459013106448,2,1,"frozenset({'sausage', 'chocolate'})",frozenset({'sugar'}),ingredient_to_ingredient,
"beef, tikka paste",sugar,0.02987152034261242,0.7380952380952381,1.4467596062559338,2,1,"frozenset({'tikka paste', 'beef'})",frozenset({'sugar'}),ingredient_to_ingredient,
"corn, pisco",sugar,0.012312633832976445,0.7371794871794872,1.4449646191513978,2,1,"frozenset({'corn', 'pisco'})",frozenset({'sugar'}),ingredient_to_ingredient,
"crabmeat, tikka paste",sugar,0.026659528907922912,0.7366863905325444,1.4439980876335707,2,1,"frozenset({'tikka paste', 'crabmeat'})",frozenset({'sugar'}),ingredient_to_ingredient,
"chocolate, tagliatelle",sugar,0.028051391862955032,0.7359550561797753,1.4425645802138725,2,1,"frozenset({'chocolate', 'tagliatelle'})",frozenset({'sugar'}),ingredient_to_ingredient,
"corn, wheat gluten",tikka paste,0.013918629550321198,0.7344632768361582,5.76461092911741,2,1,"frozenset({'corn', 'wheat gluten'})",frozenset({'tikka paste'}),ingredient_to_ingredient,
"espresso, yeast",sugar,0.016916488222698072,0.7314814814814815,1.4337958105009523,2,1,"frozenset({'espresso', 'yeast'})",frozenset({'sugar'}),ingredient_to_ingredient,
"shrimp stock, tikka paste",sugar,0.020021413276231262,0.73046875,1.4318107292759708,2,1,"frozenset({'tikka paste', 'shrimp stock'})",frozenset({'sugar'}),ingredient_to_ingredient,
buckwheat honey,sugar,0.011563169164882228,0.7297297297297297,1.4303621564901734,1,1,frozenset({'buckwheat honey'}),frozenset({'sugar'}),ingredient_to_ingredient,
"grape, pepper",sugar,0.02291220556745182,0.7278911564625851,1.4267583213768196,2,1,"frozenset({'pepper', 'grape'})",frozenset({'sugar'}),ingredient_to_ingredient,
"crabmeat, cucumber",sugar,0.012526766595289078,0.7267080745341615,1.4244393318256179,2,1,"frozenset({'crabmeat', 'cucumber'})",frozenset({'sugar'}),ingredient_to_ingredient,
"beef, espresso",sugar,0.013918629550321198,0.7262569832402235,1.4235551360889167,2,1,"frozenset({'espresso', 'beef'})",frozenset({'sugar'}),ingredient_to_ingredient,
"beef, chocolate",sugar,0.02184154175588865,0.7259786476868327,1.4230095633567719,2,1,"frozenset({'chocolate', 'beef'})",frozenset({'sugar'}),ingredient_to_ingredient,
"crabmeat, pisco",sugar,0.011884368308351177,0.7254901960784313,1.4220521366993808,2,1,"frozenset({'crabmeat', 'pisco'})",frozenset({'sugar'}),ingredient_to_ingredient,
"grape, seasoning",sugar,0.011241970021413276,0.7241379310344828,1.4194015269385245,2,1,"frozenset({'grape', 'seasoning'})",frozenset({'sugar'}),ingredient_to_ingredient,
"bean paste, tikka paste",sugar,0.022805139186295502,0.7220338983050848,1.415277357852989,2,1,"frozenset({'tikka paste', 'bean paste'})",frozenset({'sugar'}),ingredient_to_ingredient,
"corn, pepper",sugar,0.026980728051391862,0.717948717948718,1.407269889956144,2,1,"frozenset({'pepper', 'corn'})",frozenset({'sugar'}),ingredient_to_ingredient,
"grape, shrimp",sugar,0.02012847965738758,0.7175572519083969,1.406502567224434,2,1,"frozenset({'grape', 'shrimp'})",frozenset({'sugar'}),ingredient_to_ingredient,
lentil,sugar,0.017665952890792293,0.717391304347826,1.4061772891099047,1,1,frozenset({'lentil'}),frozenset({'sugar'}),ingredient_to_ingredient,
"pisco, shrimp stock",sugar,0.012205567451820129,0.7169811320754716,1.4053732998079551,2,1,"frozenset({'shrimp stock', 'pisco'})",frozenset({'sugar'}),ingredient_to_ingredient,
"chocolate, pasta",sugar,0.02291220556745182,0.7157190635451505,1.402899486571187,2,1,"frozenset({'chocolate', 'pasta'})",frozenset({'sugar'}),ingredient_to_ingredient,
pisco,sugar,0.03468950749464668,0.7152317880794702,1.4019443653016268,1,1,frozenset({'pisco'}),frozenset({'sugar'}),ingredient_to_ingredient,
"chicken, chocolate",sugar,0.017130620985010708,0.7142857142857143,1.4000899415380004,2,1,"frozenset({'chocolate', 'chicken'})",frozenset({'sugar'}),ingredient_to_ingredient,
duck,sugar,0.010171306209850108,0.7142857142857143,1.4000899415380004,1,1,frozenset({'duck'}),frozenset({'sugar'}),ingredient_to_ingredient,
tikka paste,sugar,0.09089935760171307,0.7134453781512605,1.398442776900897,1,1,frozenset({'tikka paste'}),frozenset({'sugar'}),ingredient_to_ingredient,
almond oil,sugar,0.011027837259100642,0.7103448275862069,1.3923653073777906,1,1,frozenset({'almond oil'}),frozenset({'sugar'}),ingredient_to_ingredient,
parmesan romano,sugar,0.013597430406852249,0.7094972067039106,1.3907038637176339,1,1,frozenset({'parmesan romano'}),frozenset({'sugar'}),ingredient_to_ingredient,
"daikon, tikka paste",sugar,0.015845824411134905,0.7081339712918661,1.388031750653941,2,1,"frozenset({'tikka paste', 'daikon'})",frozenset({'sugar'}),ingredient_to_ingredient,
"cola, shrimp stock",sugar,0.016809421841541754,0.7072072072072072,1.3862151763515878,2,1,"frozenset({'shrimp stock', 'cola'})",frozenset({'sugar'}),ingredient_to_ingredient,
"grape, shrimp stock",sugar,0.014989293361884369,0.7070707070707071,1.3859476188962023,2,1,"frozenset({'grape', 'shrimp stock'})",frozenset({'sugar'}),ingredient_to_ingredient,
"pepper, rice",sugar,0.01423982869379015,0.7037037037037037,1.37934786833003,2,1,"frozenset({'pepper', 'rice'})",frozenset({'sugar'}),ingredient_to_ingredient,
"cucumber, tikka paste",sugar,0.013704496788008565,0.7032967032967034,1.3785500962835697,2,1,"frozenset({'tikka paste', 'cucumber'})",frozenset({'sugar'}),ingredient_to_ingredient,
"crabmeat, shrimp",sugar,0.010599571734475375,0.7021276595744681,1.376258623384162,2,1,"frozenset({'crabmeat', 'shrimp'})",frozenset({'sugar'}),ingredient_to_ingredient,
"corn, espresso",sugar,0.019914346895074948,0.7018867924528301,1.3757864934962085,2,1,"frozenset({'espresso', 'corn'})",frozenset({'sugar'}),ingredient_to_ingredient,
crouton,sugar,0.03244111349036403,0.7013888888888888,1.3748105398157864,1,1,frozenset({'crouton'}),frozenset({'sugar'}),ingredient_to_ingredient,
"shrimp, tikka paste",sugar,0.011027837259100642,0.7006802721088435,1.3734215616991814,2,1,"frozenset({'tikka paste', 'shrimp'})",frozenset({'sugar'}),ingredient_to_ingredient,
"cola, crabmeat",sugar,0.017451820128479657,0.6995708154506438,1.3712468869483765,2,1,"frozenset({'crabmeat', 'cola'})",frozenset({'sugar'}),ingredient_to_ingredient,
"daikon, shrimp stock",sugar,0.010385438972162741,0.697841726618705,1.367857655114104,2,1,"frozenset({'shrimp stock', 'daikon'})",frozenset({'sugar'}),ingredient_to_ingredient,
"cheese, pepper",sugar,0.012312633832976445,0.696969696969697,1.3661483671976853,2,1,"frozenset({'pepper', 'cheese'})",frozenset({'sugar'}),ingredient_to_ingredient,
lemon juice,sugar,0.014025695931477516,0.6968085106382979,1.3658324216918578,1,1,frozenset({'lemon juice'}),frozenset({'sugar'}),ingredient_to_ingredient,
"chocolate, pork",sugar,0.010278372591006424,0.6956521739130435,1.3635658561065742,2,1,"frozenset({'chocolate', 'pork'})",frozenset({'sugar'}),ingredient_to_ingredient,
"chicken, pisco",sugar,0.012098501070663811,0.6932515337423313,1.3588602990878016,2,1,"frozenset({'chicken', 'pisco'})",frozenset({'sugar'}),ingredient_to_ingredient,
"cola, corn",sugar,0.012312633832976445,0.6927710843373494,1.3579185577567352,2,1,"frozenset({'corn', 'cola'})",frozenset({'sugar'}),ingredient_to_ingredient,
"cheese, espresso",sugar,0.012955032119914348,0.6914285714285714,1.3552870634087844,2,1,"frozenset({'espresso', 'cheese'})",frozenset({'sugar'}),ingredient_to_ingredient,
"tikka paste, yeast",sugar,0.016381156316916487,0.6891891891891891,1.3508975922407191,2,1,"frozenset({'tikka paste', 'yeast'})",frozenset({'sugar'}),ingredient_to_ingredient,
"cornmeal, grape",sugar,0.010385438972162741,0.6879432624113475,1.3484554188713507,2,1,"frozenset({'grape', 'cornmeal'})",frozenset({'sugar'}),ingredient_to_ingredient,
peach,sugar,0.017665952890792293,0.6846473029045643,1.3419949232169215,1,1,frozenset({'peach'}),frozenset({'sugar'}),ingredient_to_ingredient,
"chicken, pepper",sugar,0.017880085653104925,0.6844262295081968,1.3415615915228873,2,1,"frozenset({'chicken', 'pepper'})",frozenset({'sugar'}),ingredient_to_ingredient,
"espresso, rice",sugar,0.010171306209850108,0.6834532374100719,1.3396544044931946,2,1,"frozenset({'espresso', 'rice'})",frozenset({'sugar'}),ingredient_to_ingredient,
"corn, shrimp",sugar,0.025267665952890792,0.6820809248554913,1.336964499087154,2,1,"frozenset({'corn', 'shrimp'})",frozenset({'sugar'}),ingredient_to_ingredient,
espresso,sugar,0.06156316916488223,0.6804733727810651,1.3338134946012903,1,1,frozenset({'espresso'}),frozenset({'sugar'}),ingredient_to_ingredient,
semolina,sugar,0.020770877944325482,0.6783216783216783,1.3295959025234998,1,1,frozenset({'semolina'}),frozenset({'sugar'}),ingredient_to_ingredient,
preserves,sugar,0.021413276231263382,0.6756756756756757,1.3244094041575678,1,1,frozenset({'preserves'}),frozenset({'sugar'}),ingredient_to_ingredient,
"crouton, vermicelli",sugar,0.011884368308351177,0.6727272727272727,1.318630163121244,2,1,"frozenset({'vermicelli', 'crouton'})",frozenset({'sugar'}),ingredient_to_ingredient,
pepper,sugar,0.06359743040685224,0.6727066817667045,1.3185898022457545,1,1,frozenset({'pepper'}),frozenset({'sugar'}),ingredient_to_ingredient,
"grape, yeast",sugar,0.025053533190578157,0.670487106017192,1.3142391542918308,2,1,"frozenset({'yeast', 'grape'})",frozenset({'sugar'}),ingredient_to_ingredient,
"espresso, tagliatelle",sugar,0.013918629550321198,0.6701030927835051,1.3134864399995674,2,1,"frozenset({'espresso', 'tagliatelle'})",frozenset({'sugar'}),ingredient_to_ingredient,
"bean paste, beef",sugar,0.01841541755888651,0.669260700389105,1.3118352448340485,2,1,"frozenset({'bean paste', 'beef'})",frozenset({'sugar'}),ingredient_to_ingredient,
"chicken, shrimp",sugar,0.010385438972162741,0.6689655172413793,1.3112566486955894,2,1,"frozenset({'chicken', 'shrimp'})",frozenset({'sugar'}),ingredient_to_ingredient,
"sugar, wheat gluten",tikka paste,0.017451820128479657,0.6653061224489796,5.221814440061739,2,1,"frozenset({'wheat gluten', 'sugar'})",frozenset({'tikka paste'}),ingredient_to_ingredient,
verjus,sugar,0.010599571734475375,0.6644295302013423,1.3023655429340057,1,1,frozenset({'verjus'}),frozenset({'sugar'}),ingredient_to_ingredient,
"corn, seasoning",sugar,0.015845824411134905,0.6636771300448431,1.3008907438864292,2,1,"frozenset({'corn', 'seasoning'})",frozenset({'sugar'}),ingredient_to_ingredient,
"corn, milk",sugar,0.01113490364025696,0.6624203821656051,1.2984273597957505,2,1,"frozenset({'milk', 'corn'})",frozenset({'sugar'}),ingredient_to_ingredient,
brown rice,sugar,0.014668094218415417,0.6618357487922706,1.2972814047680603,1,1,frozenset({'brown rice'}),frozenset({'sugar'}),ingredient_to_ingredient,
"beef, crabmeat",sugar,0.018201284796573874,0.6614785992217899,1.2965813466383038,2,1,"frozenset({'crabmeat', 'beef'})",frozenset({'sugar'}),ingredient_to_ingredient,
wheat gluten,tikka paste,0.02291220556745182,0.6604938271604939,5.184043987965557,1,1,frozenset({'wheat gluten'}),frozenset({'tikka paste'}),ingredient_to_ingredient,
"corn, cracker",sugar,0.011027837259100642,0.6602564102564102,1.2941857023703824,2,1,"frozenset({'corn', 'cracker'})",frozenset({'sugar'}),ingredient_to_ingredient,
"beef, grape",sugar,0.02430406852248394,0.6598837209302325,1.2934551843627224,2,1,"frozenset({'grape', 'beef'})",frozenset({'sugar'}),ingredient_to_ingredient,
bacon grease,sugar,0.017880085653104925,0.65748031496063,1.2887442060298604,1,1,frozenset({'bacon grease'}),frozenset({'sugar'}),ingredient_to_ingredient,
goat,sugar,0.023768736616702354,0.6568047337278107,1.2874199817455934,1,1,frozenset({'goat'}),frozenset({'sugar'}),ingredient_to_ingredient,
"grape, sausage",sugar,0.014668094218415417,0.6555023923444976,1.2848672286458778,2,1,"frozenset({'sausage', 'grape'})",frozenset({'sugar'}),ingredient_to_ingredient,
chicken stock,sugar,0.019914346895074948,0.6549295774647887,1.2837444393538566,1,1,frozenset({'chicken stock'}),frozenset({'sugar'}),ingredient_to_ingredient,
"chicken, crabmeat",sugar,0.01948608137044968,0.6523297491039427,1.2786484484010125,2,1,"frozenset({'chicken', 'crabmeat'})",frozenset({'sugar'}),ingredient_to_ingredient,
"crabmeat, yeast",sugar,0.011777301927194861,0.650887573964497,1.275821603531669,2,1,"frozenset({'yeast', 'crabmeat'})",frozenset({'sugar'}),ingredient_to_ingredient,
cola,sugar,0.0436830835117773,0.6496815286624203,1.2734576028766016,1,1,frozenset({'cola'}),frozenset({'sugar'}),ingredient_to_ingredient,
"cucumber, milk",sugar,0.010920770877944325,0.6496815286624203,1.2734576028766016,2,1,"frozenset({'milk', 'cucumber'})",frozenset({'sugar'}),ingredient_to_ingredient,
"chicken, cola",sugar,0.01595289079229122,0.6478260869565218,1.2698207034992475,2,1,"frozenset({'chicken', 'cola'})",frozenset({'sugar'}),ingredient_to_ingredient,
"cucumber, pork",sugar,0.010599571734475375,0.6470588235294118,1.268316770569718,2,1,"frozenset({'pork', 'cucumber'})",frozenset({'sugar'}),ingredient_to_ingredient,
"pasta, pepper",sugar,0.017130620985010708,0.6451612903225806,1.264597366550452,2,1,"frozenset({'pasta', 'pepper'})",frozenset({'sugar'}),ingredient_to_ingredient,
"chicken, wheat gluten",tikka paste,0.010278372591006424,0.6442953020134228,5.056905983870058,2,1,"frozenset({'chicken', 'wheat gluten'})",frozenset({'tikka paste'}),ingredient_to_ingredient,
"bean paste, corn",sugar,0.012955032119914348,0.6436170212765957,1.2615704047688152,2,1,"frozenset({'bean paste', 'corn'})",frozenset({'sugar'}),ingredient_to_ingredient,
orange,sugar,0.02259100642398287,0.6413373860182371,1.2571020326149707,1,1,frozenset({'orange'}),frozenset({'sugar'}),ingredient_to_ingredient,
"chicken, espresso",sugar,0.010706638115631691,0.6410256410256411,1.2564909731751286,2,1,"frozenset({'espresso', 'chicken'})",frozenset({'sugar'}),ingredient_to_ingredient,
butter,sugar,0.026873661670235548,0.638676844783715,1.2518870367848685,1,1,frozenset({'butter'}),frozenset({'sugar'}),ingredient_to_ingredient,
bun,sugar,0.015096359743040685,0.6380090497737556,1.2505780744778336,1,1,frozenset({'bun'}),frozenset({'sugar'}),ingredient_to_ingredient,
simple syrup,sugar,0.012633832976445396,0.6378378378378379,1.2502424775247443,1,1,frozenset({'simple syrup'}),frozenset({'sugar'}),ingredient_to_ingredient,
ice cream,sugar,0.024839400428265525,0.6373626373626373,1.249311024756985,1,1,frozenset({'ice cream'}),frozenset({'sugar'}),ingredient_to_ingredient,
seasoning,sugar,0.044325481798715205,0.6349693251533742,1.2446198314653758,1,1,frozenset({'seasoning'}),frozenset({'sugar'}),ingredient_to_ingredient,
balsamic vinegar,sugar,0.010599571734475375,0.6346153846153846,1.2439260634433773,1,1,frozenset({'balsamic vinegar'}),frozenset({'sugar'}),ingredient_to_ingredient,
"cheese, crabmeat",sugar,0.010385438972162741,0.6339869281045751,1.2426942095481075,2,1,"frozenset({'crabmeat', 'cheese'})",frozenset({'sugar'}),ingredient_to_ingredient,
"beef, shrimp",sugar,0.01809421841541756,0.6329588014981273,1.2406789519396662,2,1,"frozenset({'shrimp', 'beef'})",frozenset({'sugar'}),ingredient_to_ingredient,
pita,sugar,0.017130620985010708,0.6324110671936759,1.2396053237332494,1,1,frozenset({'pita'}),frozenset({'sugar'}),ingredient_to_ingredient,
"corn, grape",sugar,0.0480728051391863,0.6323943661971831,1.239572587677165,2,1,"frozenset({'corn', 'grape'})",frozenset({'sugar'}),ingredient_to_ingredient,
parsley,cornmeal,0.015524625267665952,0.6304347826086957,9.25827180749248,1,1,frozenset({'parsley'}),frozenset({'cornmeal'}),ingredient_to_ingredient,
"cucumber, grape",sugar,0.02366167023554604,0.6296296296296297,1.2341533558742375,2,1,"frozenset({'grape', 'cucumber'})",frozenset({'sugar'}),ingredient_to_ingredient,
"shrimp, yeast",sugar,0.018843683083511777,0.6285714285714286,1.2320791485534404,2,1,"frozenset({'yeast', 'shrimp'})",frozenset({'sugar'}),ingredient_to_ingredient,
"tagliatelle, yeast",sugar,0.03094218415417559,0.6282608695652174,1.23147041379625,2,1,"frozenset({'yeast', 'tagliatelle'})",frozenset({'sugar'}),ingredient_to_ingredient,
flour,sugar,0.018629550321199142,0.628158844765343,1.2312704323417218,1,1,frozenset({'flour'}),frozenset({'sugar'}),ingredient_to_ingredient,
"crabmeat, shrimp stock",sugar,0.016809421841541754,0.628,1.2309590766002099,2,1,"frozenset({'crabmeat', 'shrimp stock'})",frozenset({'sugar'}),ingredient_to_ingredient,
crabmeat,sugar,0.07837259100642398,0.6267123287671232,1.228435078842588,1,1,frozenset({'crabmeat'}),frozenset({'sugar'}),ingredient_to_ingredient,
"corn, cornmeal",sugar,0.014989293361884369,0.625,1.2250786988457503,2,1,"frozenset({'corn', 'cornmeal'})",frozenset({'sugar'}),ingredient_to_ingredient,
"sausage, tagliatelle",sugar,0.010813704496788009,0.6234567901234568,1.222053813169588,2,1,"frozenset({'sausage', 'tagliatelle'})",frozenset({'sugar'}),ingredient_to_ingredient,
"rice, shrimp",sugar,0.010385438972162741,0.6217948717948718,1.2187962439798747,2,1,"frozenset({'rice', 'shrimp'})",frozenset({'sugar'}),ingredient_to_ingredient,
cracker,sugar,0.028265524625267664,0.6211764705882353,1.2175840997469294,1,1,frozenset({'cracker'}),frozenset({'sugar'}),ingredient_to_ingredient,
sesame oil,sugar,0.010706638115631691,0.6211180124223602,1.2174695143808698,1,1,frozenset({'sesame oil'}),frozenset({'sugar'}),ingredient_to_ingredient,
"cucumber, tagliatelle",sugar,0.021413276231263382,0.6191950464396285,1.2137002589183905,2,1,"frozenset({'tagliatelle', 'cucumber'})",frozenset({'sugar'}),ingredient_to_ingredient,
fish paste,sugar,0.019593147751605994,0.6182432432432432,1.2118346048041746,1,1,frozenset({'fish paste'}),frozenset({'sugar'}),ingredient_to_ingredient,
poultry,sugar,0.011563169164882228,0.6171428571428571,1.2096777094888322,1,1,frozenset({'poultry'}),frozenset({'sugar'}),ingredient_to_ingredient,
"grape, tomato",sugar,0.013597430406852249,0.616504854368932,1.208427143715808,2,1,"frozenset({'tomato', 'grape'})",frozenset({'sugar'}),ingredient_to_ingredient,
"grape, tagliatelle",sugar,0.025160599571734475,0.6151832460732984,1.2058366250418904,2,1,"frozenset({'grape', 'tagliatelle'})",frozenset({'sugar'}),ingredient_to_ingredient,
"daikon, grape",sugar,0.018629550321199142,0.6148409893992933,1.2051657588645122,2,1,"frozenset({'grape', 'daikon'})",frozenset({'sugar'}),ingredient_to_ingredient,
parmesan romano,wheat gluten,0.011777301927194861,0.6145251396648045,17.715014828608872,1,1,frozenset({'parmesan romano'}),frozenset({'wheat gluten'}),ingredient_to_ingredient,
"corn, thyme",sugar,0.016809421841541754,0.61328125,1.2021084732423926,2,1,"frozenset({'corn', 'thyme'})",frozenset({'sugar'}),ingredient_to_ingredient,
"corn, yeast",sugar,0.037687366167023555,0.6132404181184669,1.2020284376131125,2,1,"frozenset({'yeast', 'corn'})",frozenset({'sugar'}),ingredient_to_ingredient,
"cucumber, yeast",sugar,0.026445396145610277,0.6129032258064516,1.2013674982229294,2,1,"frozenset({'yeast', 'cucumber'})",frozenset({'sugar'}),ingredient_to_ingredient,
shrimp,sugar,0.06723768736616702,0.6126829268292683,1.2009356844880097,1,1,frozenset({'shrimp'}),frozenset({'sugar'}),ingredient_to_ingredient,
"chicken, truffle",pasta,0.010706638115631691,0.6097560975609756,2.99270727862297,2,1,"frozenset({'chicken', 'truffle'})",frozenset({'pasta'}),ingredient_to_ingredient,
"tikka paste, wheat gluten",corn,0.013918629550321198,0.6074766355140186,1.9901198792356838,2,1,"frozenset({'tikka paste', 'wheat gluten'})",frozenset({'corn'}),ingredient_to_ingredient,
"grape, truffle",corn,0.01145610278372591,0.6045197740112994,1.9804330723484873,2,1,"frozenset({'grape', 'truffle'})",frozenset({'corn'}),ingredient_to_ingredient,
"chicken, cilantro",pasta,0.013383297644539615,0.5924170616113744,2.9076065977142598,2,1,"frozenset({'cilantro', 'chicken'})",frozenset({'pasta'}),ingredient_to_ingredient,
"bean paste, corn",tikka paste,0.011777301927194861,0.5851063829787234,4.5923475773288045,2,1,"frozenset({'bean paste', 'corn'})",frozenset({'tikka paste'}),ingredient_to_ingredient,
parmesan romano,tikka paste,0.01113490364025696,0.5810055865921788,4.560161494765505,1,1,frozenset({'parmesan romano'}),frozenset({'tikka paste'}),ingredient_to_ingredient,
"bean paste, beef",tikka paste,0.01595289079229122,0.5797665369649806,4.55043651701926,2,1,"frozenset({'bean paste', 'beef'})",frozenset({'tikka paste'}),ingredient_to_ingredient,
"cherry, sugar",tikka paste,0.011991434689507495,0.5656565656565656,4.439691027926322,2,1,"frozenset({'cherry', 'sugar'})",frozenset({'tikka paste'}),ingredient_to_ingredient,
"sugar, wheat gluten",corn,0.014668094218415417,0.5591836734693878,1.831910035146995,2,1,"frozenset({'wheat gluten', 'sugar'})",frozenset({'corn'}),ingredient_to_ingredient,
"sugar, truffle",corn,0.016916488222698072,0.5486111111111112,1.797273861023423,2,1,"frozenset({'truffle', 'sugar'})",frozenset({'corn'}),ingredient_to_ingredient,
wheat gluten,corn,0.018950749464668095,0.5462962962962963,1.7896904270106657,1,1,frozenset({'wheat gluten'}),frozenset({'corn'}),ingredient_to_ingredient,
truffle,corn,0.034903640256959315,0.5424292845257903,1.7770219282605688,1,1,frozenset({'truffle'}),frozenset({'corn'}),ingredient_to_ingredient,
"cereal, chicken",pasta,0.013276231263383297,0.5414847161572053,2.657628612143088,2,1,"frozenset({'chicken', 'cereal'})",frozenset({'pasta'}),ingredient_to_ingredient,
"bean paste, sugar",tikka paste,0.022805139186295502,0.5406091370558376,4.243100285799599,2,1,"frozenset({'bean paste', 'sugar'})",frozenset({'tikka paste'}),ingredient_to_ingredient,
"pasta, truffle",corn,0.014561027837259101,0.5375494071146245,1.7610352376185876,2,1,"frozenset({'pasta', 'truffle'})",frozenset({'corn'}),ingredient_to_ingredient,
"basil, sugar",corn,0.014132762312633832,0.532258064516129,1.7437005691268486,2,1,"frozenset({'basil', 'sugar'})",frozenset({'corn'}),ingredient_to_ingredient,
parmesan romano,corn,0.01006423982869379,0.5251396648044693,1.7203803820672547,1,1,frozenset({'parmesan romano'}),frozenset({'corn'}),ingredient_to_ingredient,
"pepper, rice",corn,0.010599571734475375,0.5238095238095238,1.7160227823153116,2,1,"frozenset({'pepper', 'rice'})",frozenset({'corn'}),ingredient_to_ingredient,
"char, corn",pasta,0.010813704496788009,0.5233160621761658,2.568456132803672,2,1,"frozenset({'char', 'corn'})",frozenset({'pasta'}),ingredient_to_ingredient,
chicken bouillon,pasta,0.016274089935760173,0.5205479452054794,2.5548701041614175,1,1,frozenset({'chicken bouillon'}),frozenset({'pasta'}),ingredient_to_ingredient,
"pasta, pepper",corn,0.013490364025695931,0.5080645161290323,1.6644414523483555,2,1,"frozenset({'pasta', 'pepper'})",frozenset({'corn'}),ingredient_to_ingredient,
"bean paste, chicken",tikka paste,0.013918629550321198,0.5078125,3.9856880252100844,2,1,"frozenset({'bean paste', 'chicken'})",frozenset({'tikka paste'}),ingredient_to_ingredient,
cherry,chicken,0.01873661670235546,0.5057803468208093,2.0701088691088336,1,1,frozenset({'cherry'}),frozenset({'chicken'}),ingredient_to_ingredient,
"bean paste, tikka paste",beef,0.01595289079229122,0.5050847457627119,2.639894530175562,2,1,"frozenset({'tikka paste', 'bean paste'})",frozenset({'beef'}),ingredient_to_ingredient,
wheat gluten,"sugar, tikka paste",0.017451820128479657,0.5030864197530864,5.534543180793671,1,2,frozenset({'wheat gluten'}),"frozenset({'tikka paste', 'sugar'})",ingredient_to_ingredient,
farro,corn,0.014561027837259101,0.5,1.6380217467555245,1,1,frozenset({'farro'}),frozenset({'corn'}),ingredient_to_ingredient,
"char, pasta",corn,0.010813704496788009,0.4975369458128079,1.6299526741114085,2,1,"frozenset({'pasta', 'char'})",frozenset({'corn'}),ingredient_to_ingredient,
"cherry, sugar",chicken,0.010492505353319057,0.494949494949495,2.025779265043069,2,1,"frozenset({'cherry', 'sugar'})",frozenset({'chicken'}),ingredient_to_ingredient,
"grape, pepper",corn,0.015417558886509636,0.4897959183673469,1.6045927315156159,2,1,"frozenset({'pepper', 'grape'})",frozenset({'corn'}),ingredient_to_ingredient,
peach,corn,0.012633832976445396,0.4896265560165975,1.6040378930883974,1,1,frozenset({'peach'}),frozenset({'corn'}),ingredient_to_ingredient,
kampyo,rice,0.010706638115631691,0.4878048780487805,3.0394246570884658,1,1,frozenset({'kampyo'}),frozenset({'rice'}),ingredient_to_ingredient,
"chocolate, pepper",corn,0.011027837259100642,0.4858490566037736,1.5916626407152739,2,1,"frozenset({'chocolate', 'pepper'})",frozenset({'corn'}),ingredient_to_ingredient,
"cilantro, corn",pasta,0.014453961456102784,0.4838709677419355,2.3748580340040344,2,1,"frozenset({'cilantro', 'corn'})",frozenset({'pasta'}),ingredient_to_ingredient,
hake,chicken,0.01006423982869379,0.47959183673469385,1.9629218909299038,1,1,frozenset({'hake'}),frozenset({'chicken'}),ingredient_to_ingredient,
mahlab,corn,0.012633832976445396,0.4777327935222672,1.565073409855481,1,1,frozenset({'mahlab'}),frozenset({'corn'}),ingredient_to_ingredient,
"sugar, wheat gluten",chicken,0.012419700214132762,0.47346938775510206,1.9378633135988839,2,1,"frozenset({'wheat gluten', 'sugar'})",frozenset({'chicken'}),ingredient_to_ingredient,
"basil, pasta",corn,0.010813704496788009,0.4719626168224299,1.5461700600215698,2,1,"frozenset({'basil', 'pasta'})",frozenset({'corn'}),ingredient_to_ingredient,
shell,corn,0.016595289079229122,0.4696969696969697,1.538747701497614,1,1,frozenset({'shell'}),frozenset({'corn'}),ingredient_to_ingredient,
egg,pasta,0.012419700214132762,0.46586345381526106,2.286476436486883,1,1,frozenset({'egg'}),frozenset({'pasta'}),ingredient_to_ingredient,
basil,corn,0.026980728051391862,0.4658040665434381,1.525994381450618,1,1,frozenset({'basil'}),frozenset({'corn'}),ingredient_to_ingredient,
"cheese, rice",corn,0.013811563169164882,0.4657039711191336,1.525666464487095,2,1,"frozenset({'rice', 'cheese'})",frozenset({'corn'}),ingredient_to_ingredient,
"cilantro, pasta",corn,0.014453961456102784,0.46551724137931033,1.525054729737902,2,1,"frozenset({'pasta', 'cilantro'})",frozenset({'corn'}),ingredient_to_ingredient,
"cereal, pasta",corn,0.017987152034261242,0.46153846153846156,1.5120200739281766,2,1,"frozenset({'pasta', 'cereal'})",frozenset({'corn'}),ingredient_to_ingredient,
beans,yeast,0.010492505353319057,0.460093896713615,2.3546723261946103,1,1,frozenset({'beans'}),frozenset({'yeast'}),ingredient_to_ingredient,
wheat gluten,chicken,0.01595289079229122,0.45987654320987653,1.8822291470553227,1,1,frozenset({'wheat gluten'}),frozenset({'chicken'}),ingredient_to_ingredient,
sour cream,corn,0.01670235546038544,0.4588235294117647,1.5031258381991872,1,1,frozenset({'sour cream'}),frozenset({'corn'}),ingredient_to_ingredient,
"chicken, cilantro",corn,0.010278372591006424,0.4549763033175355,1.4905221581851218,2,1,"frozenset({'cilantro', 'chicken'})",frozenset({'corn'}),ingredient_to_ingredient,
cornflake,corn,0.019593147751605994,0.45185185185185184,1.4802863192901776,1,1,frozenset({'cornflake'}),frozenset({'corn'}),ingredient_to_ingredient,
"grape, rice",corn,0.020556745182012847,0.45176470588235296,1.480000825303815,2,1,"frozenset({'grape', 'rice'})",frozenset({'corn'}),ingredient_to_ingredient,
beef broth,corn,0.01006423982869379,0.44976076555023925,1.4734358296174097,1,1,frozenset({'beef broth'}),frozenset({'corn'}),ingredient_to_ingredient,
"pork heart, sugar",corn,0.011884368308351177,0.4493927125506073,1.4722300719826982,2,1,"frozenset({'pork heart', 'sugar'})",frozenset({'corn'}),ingredient_to_ingredient,
"char, sugar",corn,0.011241970021413276,0.44871794871794873,1.4700195163190606,2,1,"frozenset({'char', 'sugar'})",frozenset({'corn'}),ingredient_to_ingredient,
"tikka paste, wheat gluten",chicken,0.010278372591006424,0.4485981308411215,1.8360677221981045,2,1,"frozenset({'tikka paste', 'wheat gluten'})",frozenset({'chicken'}),ingredient_to_ingredient,
"pasta, pepper",grape,0.011884368308351177,0.4475806451612903,1.9691018491787338,2,1,"frozenset({'pasta', 'pepper'})",frozenset({'grape'}),ingredient_to_ingredient,
crab,corn,0.011027837259100642,0.4458874458874459,1.460746665937827,1,1,frozenset({'crab'}),frozenset({'corn'}),ingredient_to_ingredient,
"chicken, potato",pasta,0.012633832976445396,0.4419475655430712,2.16909630171954,2,1,"frozenset({'chicken', 'potato'})",frozenset({'pasta'}),ingredient_to_ingredient,
"rice, vermicelli",corn,0.013276231263383297,0.4412811387900356,1.4456562035422424,2,1,"frozenset({'vermicelli', 'rice'})",frozenset({'corn'}),ingredient_to_ingredient,
"bean paste, tikka paste",chicken,0.013918629550321198,0.4406779661016949,1.8036512723005391,2,1,"frozenset({'tikka paste', 'bean paste'})",frozenset({'chicken'}),ingredient_to_ingredient,
"cucumber, daikon",corn,0.010706638115631691,0.44052863436123346,1.443190966304427,2,1,"frozenset({'daikon', 'cucumber'})",frozenset({'corn'}),ingredient_to_ingredient,
flour,corn,0.013062098501070664,0.4404332129963899,1.442878361762989,1,1,frozenset({'flour'}),frozenset({'corn'}),ingredient_to_ingredient,
"char, sugar",chicken,0.011027837259100642,0.44017094017094016,1.8015760653797461,2,1,"frozenset({'char', 'sugar'})",frozenset({'chicken'}),ingredient_to_ingredient,
"pancake, sugar",corn,0.011563169164882228,0.43724696356275305,1.43244007003722,2,1,"frozenset({'pancake', 'sugar'})",frozenset({'corn'}),ingredient_to_ingredient,
"bean paste, sugar",beef,0.01841541755888651,0.4365482233502538,2.2816790185178344,2,1,"frozenset({'bean paste', 'sugar'})",frozenset({'beef'}),ingredient_to_ingredient,
"grape, potato",pasta,0.010599571734475375,0.43612334801762115,2.1405108095031955,2,1,"frozenset({'grape', 'potato'})",frozenset({'pasta'}),ingredient_to_ingredient,
pork heart,corn,0.023554603854389723,0.43564356435643564,1.4271872644998629,1,1,frozenset({'pork heart'}),frozenset({'corn'}),ingredient_to_ingredient,
"cilantro, sugar",corn,0.013383297644539615,0.43252595155709345,1.4169738293732912,2,1,"frozenset({'cilantro', 'sugar'})",frozenset({'corn'}),ingredient_to_ingredient,
"sugar, thyme",corn,0.016809421841541754,0.4325068870523416,1.416911373226542,2,1,"frozenset({'thyme', 'sugar'})",frozenset({'corn'}),ingredient_to_ingredient,
char,chicken,0.022162740899357602,0.4321503131524008,1.7687484333231478,1,1,frozenset({'char'}),frozenset({'chicken'}),ingredient_to_ingredient,
"rice, sugar",corn,0.034261241970021415,0.4318488529014845,1.4147556247281183,2,1,"frozenset({'rice', 'sugar'})",frozenset({'corn'}),ingredient_to_ingredient,
"char, sugar",grape,0.010813704496788009,0.43162393162393164,1.8989013289531425,2,1,"frozenset({'char', 'sugar'})",frozenset({'grape'}),ingredient_to_ingredient,
"rice, yeast",corn,0.010813704496788009,0.43162393162393164,1.4140187728402391,2,1,"frozenset({'yeast', 'rice'})",frozenset({'corn'}),ingredient_to_ingredient,
"cilantro, pasta",chicken,0.013383297644539615,0.43103448275862066,1.7641814500287103,2,1,"frozenset({'pasta', 'cilantro'})",frozenset({'chicken'}),ingredient_to_ingredient,
cilantro,pasta,0.031049250535331904,0.43026706231454004,2.111767925390333,1,1,frozenset({'cilantro'}),frozenset({'pasta'}),ingredient_to_ingredient,
"cucumber, pasta",corn,0.015845824411134905,0.43023255813953487,1.4094605727896374,2,1,"frozenset({'pasta', 'cucumber'})",frozenset({'corn'}),ingredient_to_ingredient,
"crouton, sugar",chocolate,0.013918629550321198,0.429042904290429,2.5378471982727087,2,1,"frozenset({'crouton', 'sugar'})",frozenset({'chocolate'}),ingredient_to_ingredient,
"crabmeat, tikka paste",corn,0.015524625267665952,0.4289940828402367,1.4054032738434974,2,1,"frozenset({'tikka paste', 'crabmeat'})",frozenset({'corn'}),ingredient_to_ingredient,
"cereal, corn",pasta,0.017987152034261242,0.42857142857142855,2.103445687260716,2,1,"frozenset({'corn', 'cereal'})",frozenset({'pasta'}),ingredient_to_ingredient,
"pasta, rice",corn,0.015096359743040685,0.42857142857142855,1.4040186400761638,2,1,"frozenset({'pasta', 'rice'})",frozenset({'corn'}),ingredient_to_ingredient,
"chicken, vermicelli",pasta,0.012312633832976445,0.4275092936802974,2.098232686796625,2,1,"frozenset({'chicken', 'vermicelli'})",frozenset({'pasta'}),ingredient_to_ingredient,
"chicken, pepper",corn,0.01113490364025696,0.4262295081967213,1.3963464070702831,2,1,"frozenset({'chicken', 'pepper'})",frozenset({'corn'}),ingredient_to_ingredient,
"chocolate, rice",corn,0.014453961456102784,0.42586750788643535,1.3951604783091218,2,1,"frozenset({'chocolate', 'rice'})",frozenset({'corn'}),ingredient_to_ingredient,
cherry,tikka paste,0.015738758029978588,0.42485549132947975,3.3345800748044883,1,1,frozenset({'cherry'}),frozenset({'tikka paste'}),ingredient_to_ingredient,
"pepper, sugar",corn,0.026980728051391862,0.42424242424242425,1.3898366336107482,2,1,"frozenset({'pepper', 'sugar'})",frozenset({'corn'}),ingredient_to_ingredient,
"cereal, grape",corn,0.011027837259100642,0.42386831275720166,1.388611028113737,2,1,"frozenset({'grape', 'cereal'})",frozenset({'corn'}),ingredient_to_ingredient,
char,pasta,0.021734475374732335,0.42379958246346555,2.080025275989894,1,1,frozenset({'char'}),frozenset({'pasta'}),ingredient_to_ingredient,
"meat, sugar",yeast,0.010385438972162741,0.42358078602620086,2.167805228210803,2,1,"frozenset({'meat', 'sugar'})",frozenset({'yeast'}),ingredient_to_ingredient,
wheat gluten,"corn, sugar",0.014668094218415417,0.4228395061728395,2.4529944022697645,1,2,frozenset({'wheat gluten'}),"frozenset({'corn', 'sugar'})",ingredient_to_ingredient,
bean paste,tikka paste,0.03158458244111349,0.4220314735336195,3.3124150947932827,1,1,frozenset({'bean paste'}),frozenset({'tikka paste'}),ingredient_to_ingredient,
"bean paste, chicken",beef,0.011563169164882228,0.421875,2.2049874090654726,2,1,"frozenset({'bean paste', 'chicken'})",frozenset({'beef'}),ingredient_to_ingredient,
"cereal, sugar",corn,0.019914346895074948,0.4217687074829932,1.381732629916225,2,1,"frozenset({'cereal', 'sugar'})",frozenset({'corn'}),ingredient_to_ingredient,
lentil,corn,0.010385438972162741,0.4217391304347826,1.3816357342198773,1,1,frozenset({'lentil'}),frozenset({'corn'}),ingredient_to_ingredient,
truffle,pasta,0.02708779443254818,0.4209650582362729,2.0661133178806037,1,1,frozenset({'truffle'}),frozenset({'pasta'}),ingredient_to_ingredient,
"bean paste, beef",chicken,0.011563169164882228,0.42023346303501946,1.7199739459890804,2,1,"frozenset({'bean paste', 'beef'})",frozenset({'chicken'}),ingredient_to_ingredient,
"daikon, rice",corn,0.012312633832976445,0.41818181818181815,1.369981824559166,2,1,"frozenset({'daikon', 'rice'})",frozenset({'corn'}),ingredient_to_ingredient,
"corn, truffle",pasta,0.014561027837259101,0.4171779141104294,2.04752586326401,2,1,"frozenset({'corn', 'truffle'})",frozenset({'pasta'}),ingredient_to_ingredient,
"chocolate, vermicelli",corn,0.011563169164882228,0.416988416988417,1.3660721903443758,2,1,"frozenset({'chocolate', 'vermicelli'})",frozenset({'corn'}),ingredient_to_ingredient,
"corn, potato",pasta,0.013383297644539615,0.4166666666666667,2.045016640392363,2,1,"frozenset({'corn', 'potato'})",frozenset({'pasta'}),ingredient_to_ingredient,
cilantro,corn,0.02987152034261242,0.413946587537092,1.3561070247619922,1,1,frozenset({'cilantro'}),frozenset({'corn'}),ingredient_to_ingredient,
"corn, cured meat",cucumber,0.010706638115631691,0.4132231404958678,2.607773062318517,2,1,"frozenset({'cured meat', 'corn'})",frozenset({'cucumber'}),ingredient_to_ingredient,
"pancake, sugar",yeast,0.010920770877944325,0.41295546558704455,2.1134268759358883,2,1,"frozenset({'pancake', 'sugar'})",frozenset({'yeast'}),ingredient_to_ingredient,
"beef, tikka paste",chicken,0.01670235546038544,0.4126984126984127,1.6891337312020922,2,1,"frozenset({'tikka paste', 'beef'})",frozenset({'chicken'}),ingredient_to_ingredient,
tart shell,corn,0.012526766595289078,0.4119718309859155,1.3496376364112421,1,1,frozenset({'tart shell'}),frozenset({'corn'}),ingredient_to_ingredient,
"cola, sugar",tikka paste,0.017987152034261242,0.4117647058823529,3.2318339100346023,2,1,"frozenset({'sugar', 'cola'})",frozenset({'tikka paste'}),ingredient_to_ingredient,
"cucumber, rice",corn,0.011241970021413276,0.4117647058823529,1.348959085563373,2,1,"frozenset({'rice', 'cucumber'})",frozenset({'corn'}),ingredient_to_ingredient,
brussels sprouts,corn,0.014025695931477516,0.4106583072100313,1.3453344753916847,1,1,frozenset({'brussels sprouts'}),frozenset({'corn'}),ingredient_to_ingredient,
"corn, pepper",grape,0.015417558886509636,0.41025641025641024,1.8048963126683333,2,1,"frozenset({'pepper', 'corn'})",frozenset({'grape'}),ingredient_to_ingredient,
"grape, pasta",corn,0.021948608137044967,0.41,1.34317783233953,2,1,"frozenset({'pasta', 'grape'})",frozenset({'corn'}),ingredient_to_ingredient,
"corn, crabmeat",tikka paste,0.015524625267665952,0.4096045197740113,3.2148791720077865,2,1,"frozenset({'crabmeat', 'corn'})",frozenset({'tikka paste'}),ingredient_to_ingredient,
"pasta, vermicelli",corn,0.014025695931477516,0.409375,1.3411303051560857,2,1,"frozenset({'pasta', 'vermicelli'})",frozenset({'corn'}),ingredient_to_ingredient,
cereal,corn,0.04197002141327623,0.40875912408759124,1.339112668880429,1,1,frozenset({'cereal'}),frozenset({'corn'}),ingredient_to_ingredient,
"mushroom, sugar",corn,0.011777301927194861,0.4074074074074074,1.3346843862452422,2,1,"frozenset({'mushroom', 'sugar'})",frozenset({'corn'}),ingredient_to_ingredient,
stock,corn,0.014346895074946468,0.40483383685800606,1.3262532571917842,1,1,frozenset({'stock'}),frozenset({'corn'}),ingredient_to_ingredient,
"chocolate, pasta",corn,0.012955032119914348,0.40468227424749165,1.325756731487749,2,1,"frozenset({'chocolate', 'pasta'})",frozenset({'corn'}),ingredient_to_ingredient,
rice,corn,0.06488222698072806,0.4042695130086724,1.3244045077169417,1,1,frozenset({'rice'}),frozenset({'corn'}),ingredient_to_ingredient,
"chicken, tikka paste",beef,0.01670235546038544,0.40414507772020725,2.112319544435778,2,1,"frozenset({'tikka paste', 'chicken'})",frozenset({'beef'}),ingredient_to_ingredient,
thyme,corn,0.02740899357601713,0.4037854889589905,1.3228188238782785,1,1,frozenset({'thyme'}),frozenset({'corn'}),ingredient_to_ingredient,
pita,tagliatelle,0.010920770877944325,0.4031620553359684,2.485500723985442,1,1,frozenset({'pita'}),frozenset({'tagliatelle'}),ingredient_to_ingredient,
char,corn,0.020663811563169165,0.40292275574112735,1.319992472333262,1,1,frozenset({'char'}),frozenset({'corn'}),ingredient_to_ingredient,
"cilantro, sugar",pasta,0.012419700214132762,0.4013840830449827,1.9700091096374872,2,1,"frozenset({'cilantro', 'sugar'})",frozenset({'pasta'}),ingredient_to_ingredient,
wheat gluten,"corn, tikka paste",0.013918629550321198,0.4012345679012346,8.735503179947624,1,2,frozenset({'wheat gluten'}),"frozenset({'tikka paste', 'corn'})",ingredient_to_ingredient,
"daikon, sugar",corn,0.026873661670235548,0.4009584664536741,1.3135573751937273,2,1,"frozenset({'daikon', 'sugar'})",frozenset({'corn'}),ingredient_to_ingredient,
"basil, corn",pasta,0.010813704496788009,0.4007936507936508,1.967111244567892,2,1,"frozenset({'basil', 'corn'})",frozenset({'pasta'}),ingredient_to_ingredient,
meat,yeast,0.018201284796573874,0.4,2.047123287671233,1,1,frozenset({'meat'}),frozenset({'yeast'}),ingredient_to_ingredient,
"cola, sugar",crabmeat,0.017451820128479657,0.39950980392156865,3.194710247112544,2,1,"frozenset({'sugar', 'cola'})",frozenset({'crabmeat'}),ingredient_to_ingredient,
"daikon, pasta",corn,0.013918629550321198,0.3987730061349693,1.3063977121363077,2,1,"frozenset({'pasta', 'daikon'})",frozenset({'corn'}),ingredient_to_ingredient,
pepper,corn,0.03758029978586724,0.39750849377123443,1.30225511463463,1,1,frozenset({'pepper'}),frozenset({'corn'}),ingredient_to_ingredient,
pancake,corn,0.021092077087794432,0.3971774193548387,1.3011705004469287,1,1,frozenset({'pancake'}),frozenset({'corn'}),ingredient_to_ingredient,
"bean paste, sugar",chicken,0.01670235546038544,0.39593908629441626,1.6205394680060683,2,1,"frozenset({'bean paste', 'sugar'})",frozenset({'chicken'}),ingredient_to_ingredient,
basil,pasta,0.02291220556745182,0.3955637707948244,1.9414427846682396,1,1,frozenset({'basil'}),frozenset({'pasta'}),ingredient_to_ingredient,
"pasta, truffle",chicken,0.010706638115631691,0.3952569169960474,1.6177474166271177,2,1,"frozenset({'pasta', 'truffle'})",frozenset({'chicken'}),ingredient_to_ingredient,
"beef, tikka paste",bean paste,0.01595289079229122,0.3941798941798942,5.267010317081848,2,1,"frozenset({'tikka paste', 'beef'})",frozenset({'bean paste'}),ingredient_to_ingredient,
"cracker, sugar",corn,0.011027837259100642,0.39015151515151514,1.2781533326955987,2,1,"frozenset({'cracker', 'sugar'})",frozenset({'corn'}),ingredient_to_ingredient,
cured meat,cucumber,0.029122055674518203,0.38968481375358166,2.4592271354449005,1,1,frozenset({'cured meat'}),frozenset({'cucumber'}),ingredient_to_ingredient,
potato,pasta,0.03436830835117773,0.3895631067961165,1.911991286114413,1,1,frozenset({'potato'}),frozenset({'pasta'}),ingredient_to_ingredient,
"cheese, pasta",corn,0.015845824411134905,0.3894736842105263,1.2759327290516718,2,1,"frozenset({'pasta', 'cheese'})",frozenset({'corn'}),ingredient_to_ingredient,
"pasta, potato",corn,0.013383297644539615,0.3894080996884735,1.2757178713049255,2,1,"frozenset({'pasta', 'potato'})",frozenset({'corn'}),ingredient_to_ingredient,
"chicken, pepper",pasta,0.010171306209850108,0.38934426229508196,1.9109171885633554,2,1,"frozenset({'chicken', 'pepper'})",frozenset({'pasta'}),ingredient_to_ingredient,
"cheese, pasta",chicken,0.015738758029978588,0.3868421052631579,1.583306425573135,2,1,"frozenset({'pasta', 'cheese'})",frozenset({'chicken'}),ingredient_to_ingredient,
"bacon, sugar",corn,0.010599571734475375,0.38671875,1.266907444756226,2,1,"frozenset({'bacon', 'sugar'})",frozenset({'corn'}),ingredient_to_ingredient,
"chocolate, grape",corn,0.016381156316916487,0.38636363636363635,1.26574407703836,2,1,"frozenset({'chocolate', 'grape'})",frozenset({'corn'}),ingredient_to_ingredient,
"daikon, grape",corn,0.011670235546038544,0.38515901060070673,1.2617976706455984,2,1,"frozenset({'grape', 'daikon'})",frozenset({'corn'}),ingredient_to_ingredient,
"chocolate, tagliatelle",yeast,0.014668094218415417,0.3848314606741573,1.969493612436509,2,1,"frozenset({'chocolate', 'tagliatelle'})",frozenset({'yeast'}),ingredient_to_ingredient,
"cola, sugar",shrimp stock,0.016809421841541754,0.38480392156862747,3.6267090085277305,2,1,"frozenset({'sugar', 'cola'})",frozenset({'shrimp stock'}),ingredient_to_ingredient,
"chicken, rice",corn,0.014453961456102784,0.38461538461538464,1.2600167282734804,2,1,"frozenset({'chicken', 'rice'})",frozenset({'corn'}),ingredient_to_ingredient,
"pasta, sugar",corn,0.0335117773019272,0.3845208845208845,1.259707141853757,2,1,"frozenset({'pasta', 'sugar'})",frozenset({'corn'}),ingredient_to_ingredient,
turkey,corn,0.010599571734475375,0.38372093023255816,1.2570864568123794,1,1,frozenset({'turkey'}),frozenset({'corn'}),ingredient_to_ingredient,
"pasta, pepper",chicken,0.010171306209850108,0.38306451612903225,1.5678451273642249,2,1,"frozenset({'pasta', 'pepper'})",frozenset({'chicken'}),ingredient_to_ingredient,
"sugar, tikka paste",corn,0.034796573875803,0.3828032979976443,1.2540802536997537,2,1,"frozenset({'tikka paste', 'sugar'})",frozenset({'corn'}),ingredient_to_ingredient,
flour,grape,0.011349036402569594,0.38267148014440433,1.6835382122226739,1,1,frozenset({'flour'}),frozenset({'grape'}),ingredient_to_ingredient,
crouton,vermicelli,0.017665952890792293,0.3819444444444444,3.3061734115950983,1,1,frozenset({'crouton'}),frozenset({'vermicelli'}),ingredient_to_ingredient,
egg,chicken,0.010171306209850108,0.3815261044176707,1.5615485605876618,1,1,frozenset({'egg'}),frozenset({'chicken'}),ingredient_to_ingredient,
wheat gluten,beef,0.013169164882226981,0.37962962962962965,1.9841862007502746,1,1,frozenset({'wheat gluten'}),frozenset({'beef'}),ingredient_to_ingredient,
cereal,pasta,0.03897216274089936,0.3795620437956204,1.8629056694961086,1,1,frozenset({'cereal'}),frozenset({'pasta'}),ingredient_to_ingredient,
bitter gourd,corn,0.012312633832976445,0.3795379537953795,1.2433828440718502,1,1,frozenset({'bitter gourd'}),frozenset({'corn'}),ingredient_to_ingredient,
"beef, tikka paste",corn,0.015310492505353318,0.3783068783068783,1.2393497872277248,2,1,"frozenset({'tikka paste', 'beef'})",frozenset({'corn'}),ingredient_to_ingredient,
salt,corn,0.014453961456102784,0.37815126050420167,1.2388399765377915,1,1,frozenset({'salt'}),frozenset({'corn'}),ingredient_to_ingredient,
"chicken, pasta",corn,0.024197002141327622,0.3779264214046823,1.2381033938687243,2,1,"frozenset({'pasta', 'chicken'})",frozenset({'corn'}),ingredient_to_ingredient,
"grape, pepper",pasta,0.011884368308351177,0.37755102040816324,1.853035486396345,2,1,"frozenset({'pepper', 'grape'})",frozenset({'pasta'}),ingredient_to_ingredient,
"potato, sugar",corn,0.014989293361884369,0.37735849056603776,1.2362428277400186,2,1,"frozenset({'potato', 'sugar'})",frozenset({'corn'}),ingredient_to_ingredient,
chicken stock,corn,0.01145610278372591,0.3767605633802817,1.2342839922735291,1,1,frozenset({'chicken stock'}),frozenset({'corn'}),ingredient_to_ingredient,
"cucumber, grape",corn,0.014132762312633832,0.37606837606837606,1.2320163565340698,2,1,"frozenset({'grape', 'cucumber'})",frozenset({'corn'}),ingredient_to_ingredient,
"crabmeat, shrimp stock",tikka paste,0.01006423982869379,0.376,2.9511260504201684,2,1,"frozenset({'crabmeat', 'shrimp stock'})",frozenset({'tikka paste'}),ingredient_to_ingredient,
"shrimp, sugar",corn,0.025267665952890792,0.37579617834394907,1.231124624950012,2,1,"frozenset({'sugar', 'shrimp'})",frozenset({'corn'}),ingredient_to_ingredient,
char,grape,0.019271948608137045,0.3757828810020877,1.6532322696935935,1,1,frozenset({'char'}),frozenset({'grape'}),ingredient_to_ingredient,
pasta,corn,0.07655246252676659,0.37572254335260113,1.230883393515712,1,1,frozenset({'pasta'}),frozenset({'corn'}),ingredient_to_ingredient,
"shrimp stock, tikka paste",corn,0.010278372591006424,0.375,1.2285163100666434,2,1,"frozenset({'tikka paste', 'shrimp stock'})",frozenset({'corn'}),ingredient_to_ingredient,
"chicken, daikon",pasta,0.011884368308351177,0.37373737373737376,1.8343179562307255,2,1,"frozenset({'chicken', 'daikon'})",frozenset({'pasta'}),ingredient_to_ingredient,
"chicken, daikon",corn,0.011884368308351177,0.37373737373737376,1.2243798915142305,2,1,"frozenset({'chicken', 'daikon'})",frozenset({'corn'}),ingredient_to_ingredient,
tart shell,rice,0.011349036402569594,0.3732394366197183,2.325587950652548,1,1,frozenset({'tart shell'}),frozenset({'rice'}),ingredient_to_ingredient,
"bean paste, tikka paste",corn,0.011777301927194861,0.3728813559322034,1.2215755399532726,2,1,"frozenset({'tikka paste', 'bean paste'})",frozenset({'corn'}),ingredient_to_ingredient,
"cheese, grape",chicken,0.015310492505353318,0.3723958333333333,1.5241792652643877,2,1,"frozenset({'grape', 'cheese'})",frozenset({'chicken'}),ingredient_to_ingredient,
salmon,yeast,0.012955032119914348,0.3723076923076923,1.9053993677555319,1,1,frozenset({'salmon'}),frozenset({'yeast'}),ingredient_to_ingredient,
"beef, pasta",corn,0.011991434689507495,0.37209302325581395,1.2189929278180647,2,1,"frozenset({'pasta', 'beef'})",frozenset({'corn'}),ingredient_to_ingredient,
preserves,tagliatelle,0.011777301927194861,0.3716216216216216,2.291053429667291,1,1,frozenset({'preserves'}),frozenset({'tagliatelle'}),ingredient_to_ingredient,
"mustard, sugar",corn,0.01284796573875803,0.3715170278637771,1.21710594186169,2,1,"frozenset({'sugar', 'mustard'})",frozenset({'corn'}),ingredient_to_ingredient,
"cornmeal, sugar",corn,0.014989293361884369,0.3713527851458886,1.216567875574395,2,1,"frozenset({'sugar', 'cornmeal'})",frozenset({'corn'}),ingredient_to_ingredient,
cola,crabmeat,0.024946466809421843,0.37101910828025475,2.9668822528575167,1,1,frozenset({'cola'}),frozenset({'crabmeat'}),ingredient_to_ingredient,
"sausage, sugar",corn,0.016595289079229122,0.3708133971291866,1.2148008169718005,2,1,"frozenset({'sausage', 'sugar'})",frozenset({'corn'}),ingredient_to_ingredient,
salsa,chicken,0.010385438972162741,0.3688212927756654,1.5095490247698136,1,1,frozenset({'salsa'}),frozenset({'chicken'}),ingredient_to_ingredient,
"chocolate, yeast",corn,0.01809421841541756,0.3681917211328976,1.2062120923820638,2,1,"frozenset({'chocolate', 'yeast'})",frozenset({'corn'}),ingredient_to_ingredient,
cornflake,rice,0.01595289079229122,0.36790123456790125,2.292326571623881,1,1,frozenset({'cornflake'}),frozenset({'rice'}),ingredient_to_ingredient,
"beef, rice",corn,0.010278372591006424,0.367816091954023,1.2049815148546388,2,1,"frozenset({'rice', 'beef'})",frozenset({'corn'}),ingredient_to_ingredient,
bean paste,beef,0.027516059957173447,0.3676680972818312,1.921667615339845,1,1,frozenset({'bean paste'}),frozenset({'beef'}),ingredient_to_ingredient,
"cucumber, cured meat",corn,0.010706638115631691,0.36764705882352944,1.2044277549672975,2,1,"frozenset({'cured meat', 'cucumber'})",frozenset({'corn'}),ingredient_to_ingredient,
"pasta, potato",chicken,0.012633832976445396,0.367601246105919,1.5045554945790023,2,1,"frozenset({'pasta', 'potato'})",frozenset({'chicken'}),ingredient_to_ingredient,
mushroom,corn,0.0208779443254818,0.3672316384180791,1.2030668196509502,1,1,frozenset({'mushroom'}),frozenset({'corn'}),ingredient_to_ingredient,
"shrimp stock, tikka paste",crabmeat,0.01006423982869379,0.3671875,2.936242508561644,2,1,"frozenset({'tikka paste', 'shrimp stock'})",frozenset({'crabmeat'}),ingredient_to_ingredient,
cracker,corn,0.01670235546038544,0.36705882352941177,1.2025006705593497,1,1,frozenset({'cracker'}),frozenset({'corn'}),ingredient_to_ingredient,
"sugar, vermicelli",corn,0.0215203426124197,0.36678832116788324,1.201614493057885,2,1,"frozenset({'vermicelli', 'sugar'})",frozenset({'corn'}),ingredient_to_ingredient,
"crouton, sugar",vermicelli,0.011884368308351177,0.36633663366336633,3.1710696556217255,2,1,"frozenset({'crouton', 'sugar'})",frozenset({'vermicelli'}),ingredient_to_ingredient,
"crouton, sugar",grape,0.011884368308351177,0.36633663366336633,1.6116741207799536,2,1,"frozenset({'crouton', 'sugar'})",frozenset({'grape'}),ingredient_to_ingredient,
cola,chicken,0.02462526766595289,0.3662420382165605,1.4989923912982799,1,1,frozenset({'cola'}),frozenset({'chicken'}),ingredient_to_ingredient,
bean paste,chicken,0.02740899357601713,0.36623748211731044,1.498973743635267,1,1,frozenset({'bean paste'}),frozenset({'chicken'}),ingredient_to_ingredient,
"chocolate, rice",grape,0.012419700214132762,0.3659305993690852,1.6098877993910765,2,1,"frozenset({'chocolate', 'rice'})",frozenset({'grape'}),ingredient_to_ingredient,
"cola, sugar",chicken,0.01595289079229122,0.36519607843137253,1.4947113814851092,2,1,"frozenset({'sugar', 'cola'})",frozenset({'chicken'}),ingredient_to_ingredient,
"sugar, vermicelli",chocolate,0.021413276231263382,0.36496350364963503,2.158808818294865,2,1,"frozenset({'vermicelli', 'sugar'})",frozenset({'chocolate'}),ingredient_to_ingredient,
farro,rice,0.010599571734475375,0.3639705882352941,2.267835419691559,1,1,frozenset({'farro'}),frozenset({'rice'}),ingredient_to_ingredient,
"sugar, vermicelli",grape,0.021306209850107068,0.36313868613138683,1.597604959240298,2,1,"frozenset({'vermicelli', 'sugar'})",frozenset({'grape'}),ingredient_to_ingredient,
"sugar, truffle",pasta,0.01113490364025696,0.3611111111111111,1.7723477550067144,2,1,"frozenset({'truffle', 'sugar'})",frozenset({'pasta'}),ingredient_to_ingredient,
"pepper, sugar",grape,0.02291220556745182,0.3602693602693603,1.5849815472990227,2,1,"frozenset({'pepper', 'sugar'})",frozenset({'grape'}),ingredient_to_ingredient,
pisco,chicken,0.017451820128479657,0.3598233995584989,1.4727215389467045,1,1,frozenset({'pisco'}),frozenset({'chicken'}),ingredient_to_ingredient,
"pasta, vermicelli",chicken,0.012312633832976445,0.359375,1.4708862839614372,2,1,"frozenset({'pasta', 'vermicelli'})",frozenset({'chicken'}),ingredient_to_ingredient,
"corn, pepper",pasta,0.013490364025695931,0.358974358974359,1.7618604901841894,2,1,"frozenset({'pepper', 'corn'})",frozenset({'pasta'}),ingredient_to_ingredient,
cherry,beef,0.013276231263383297,0.3583815028901734,1.8731299591461776,1,1,frozenset({'cherry'}),frozenset({'beef'}),ingredient_to_ingredient,
wheat gluten,"chicken, sugar",0.012419700214132762,0.35802469135802467,2.915388506786356,1,2,frozenset({'wheat gluten'}),"frozenset({'chicken', 'sugar'})",ingredient_to_ingredient,
"sugar, tagliatelle",yeast,0.03094218415417559,0.3563501849568434,1.823731905477763,2,1,"frozenset({'tagliatelle', 'sugar'})",frozenset({'yeast'}),ingredient_to_ingredient,
"beef, tagliatelle",yeast,0.012205567451820129,0.35625,1.8232191780821918,2,1,"frozenset({'tagliatelle', 'beef'})",frozenset({'yeast'}),ingredient_to_ingredient,
preserves,beef,0.011241970021413276,0.3547297297297297,1.8540434670820791,1,1,frozenset({'preserves'}),frozenset({'beef'}),ingredient_to_ingredient,
cola,shrimp stock,0.023768736616702354,0.3535031847133758,3.3317050910423105,1,1,frozenset({'cola'}),frozenset({'shrimp stock'}),ingredient_to_ingredient,
eel,yeast,0.012633832976445396,0.3532934131736527,1.8080879337215978,1,1,frozenset({'eel'}),frozenset({'yeast'}),ingredient_to_ingredient,
onion,yeast,0.010171306209850108,0.35315985130111527,1.807404389672557,1,1,frozenset({'onion'}),frozenset({'yeast'}),ingredient_to_ingredient,
"potato, sugar",pasta,0.014025695931477516,0.353099730458221,1.733027578812288,2,1,"frozenset({'potato', 'sugar'})",frozenset({'pasta'}),ingredient_to_ingredient,
"pisco, sugar",shrimp stock,0.012205567451820129,0.35185185185185186,3.316141570430168,2,1,"frozenset({'sugar', 'pisco'})",frozenset({'shrimp stock'}),ingredient_to_ingredient,
fish paste,grape,0.01113490364025696,0.35135135135135137,1.5457473488561573,1,1,frozenset({'fish paste'}),frozenset({'grape'}),ingredient_to_ingredient,
pisco,shrimp stock,0.01702355460385439,0.3509933774834437,3.3080506011053123,1,1,frozenset({'pisco'}),frozenset({'shrimp stock'}),ingredient_to_ingredient,
pork heart,pasta,0.018950749464668095,0.3504950495049505,1.7202437006706448,1,1,frozenset({'pork heart'}),frozenset({'pasta'}),ingredient_to_ingredient,
salt,yeast,0.013383297644539615,0.35014005602240894,1.7919496565749586,1,1,frozenset({'salt'}),frozenset({'yeast'}),ingredient_to_ingredient,
"grape, pasta",chicken,0.01873661670235546,0.35,1.4325153374233128,2,1,"frozenset({'pasta', 'grape'})",frozenset({'chicken'}),ingredient_to_ingredient,
"cucumber, tagliatelle",yeast,0.012098501070663811,0.3498452012383901,1.7904406463378428,2,1,"frozenset({'tagliatelle', 'cucumber'})",frozenset({'yeast'}),ingredient_to_ingredient,
"sugar, tikka paste",chicken,0.03179871520342612,0.3498233215547703,1.4317922100445024,2,1,"frozenset({'tikka paste', 'sugar'})",frozenset({'chicken'}),ingredient_to_ingredient,
cherry,crabmeat,0.012955032119914348,0.34971098265895956,2.796490220920105,1,1,frozenset({'cherry'}),frozenset({'crabmeat'}),ingredient_to_ingredient,
"chicken, vermicelli",grape,0.01006423982869379,0.34944237918215615,1.5373489503350628,2,1,"frozenset({'chicken', 'vermicelli'})",frozenset({'grape'}),ingredient_to_ingredient,
pancake,yeast,0.018522483940042828,0.3487903225806452,1.7850419796730006,1,1,frozenset({'pancake'}),frozenset({'yeast'}),ingredient_to_ingredient,
"pisco, sugar",chicken,0.012098501070663811,0.3487654320987654,1.4274623732701441,2,1,"frozenset({'sugar', 'pisco'})",frozenset({'chicken'}),ingredient_to_ingredient,
"rice, sugar",grape,0.027516059957173447,0.3468286099865047,1.5258498432755319,2,1,"frozenset({'rice', 'sugar'})",frozenset({'grape'}),ingredient_to_ingredient,
goat,yeast,0.012526766595289078,0.34615384615384615,1.7715489989462592,1,1,frozenset({'goat'}),frozenset({'yeast'}),ingredient_to_ingredient,
"milk, sugar",cucumber,0.010920770877944325,0.34576271186440677,2.182043060009162,2,1,"frozenset({'milk', 'sugar'})",frozenset({'cucumber'}),ingredient_to_ingredient,
"beef, chocolate",yeast,0.010385438972162741,0.34519572953736655,1.7666455418515088,2,1,"frozenset({'chocolate', 'beef'})",frozenset({'yeast'}),ingredient_to_ingredient,
"beef, chicken",tikka paste,0.01670235546038544,0.34513274336283184,2.7088569941250835,2,1,"frozenset({'chicken', 'beef'})",frozenset({'tikka paste'}),ingredient_to_ingredient,
"potato, sugar",chicken,0.013704496788008565,0.3450134770889488,1.412105992993331,2,1,"frozenset({'potato', 'sugar'})",frozenset({'chicken'}),ingredient_to_ingredient,
crouton,chocolate,0.01595289079229122,0.3449074074074074,2.040174278141346,1,1,frozenset({'crouton'}),frozenset({'chocolate'}),ingredient_to_ingredient,
"cilantro, corn",chicken,0.010278372591006424,0.34408602150537637,1.4083100091411986,2,1,"frozenset({'cilantro', 'corn'})",frozenset({'chicken'}),ingredient_to_ingredient,
cola,tikka paste,0.023126338329764455,0.34394904458598724,2.6995664507841353,1,1,frozenset({'cola'}),frozenset({'tikka paste'}),ingredient_to_ingredient,
"pisco, sugar",crabmeat,0.011884368308351177,0.3425925925925926,2.739567478437342,2,1,"frozenset({'sugar', 'pisco'})",frozenset({'crabmeat'}),ingredient_to_ingredient,
cornmeal,yeast,0.02323340471092077,0.3411949685534591,1.7461704144051002,1,1,frozenset({'cornmeal'}),frozenset({'yeast'}),ingredient_to_ingredient,
"corn, vermicelli",pasta,0.014025695931477516,0.3411458333333333,1.674357374321247,2,1,"frozenset({'vermicelli', 'corn'})",frozenset({'pasta'}),ingredient_to_ingredient,
"cereal, pasta",chicken,0.013276231263383297,0.34065934065934067,1.3942849438029106,2,1,"frozenset({'pasta', 'cereal'})",frozenset({'chicken'}),ingredient_to_ingredient,
"daikon, pasta",chicken,0.011884368308351177,0.34049079754601225,1.3935951135318818,2,1,"frozenset({'pasta', 'daikon'})",frozenset({'chicken'}),ingredient_to_ingredient,
crouton,grape,0.015738758029978588,0.3402777777777778,1.4970298843355838,1,1,frozenset({'crouton'}),frozenset({'grape'}),ingredient_to_ingredient,
"crabmeat, sugar",tikka paste,0.026659528907922912,0.3401639344262295,2.6698581071772973,2,1,"frozenset({'crabmeat', 'sugar'})",frozenset({'tikka paste'}),ingredient_to_ingredient,
bitter gourd,yeast,0.011027837259100642,0.33993399339933994,1.73971698539717,1,1,frozenset({'bitter gourd'}),frozenset({'yeast'}),ingredient_to_ingredient,
"cornmeal, sugar",yeast,0.013704496788008565,0.3395225464190981,1.7376112786599323,2,1,"frozenset({'sugar', 'cornmeal'})",frozenset({'yeast'}),ingredient_to_ingredient,
wheat gluten,parmesan romano,0.011777301927194861,0.3395061728395062,17.715014828608872,1,1,frozenset({'wheat gluten'}),frozenset({'parmesan romano'}),ingredient_to_ingredient,
"corn, tikka paste",crabmeat,0.015524625267665952,0.337995337995338,2.702805185681898,2,1,"frozenset({'tikka paste', 'corn'})",frozenset({'crabmeat'}),ingredient_to_ingredient,
pisco,crabmeat,0.016381156316916487,0.33774834437086093,2.7008300825546585,1,1,frozenset({'pisco'}),frozenset({'crabmeat'}),ingredient_to_ingredient,
"chicken, tikka paste",bean paste,0.013918629550321198,0.33678756476683935,4.500137131505407,2,1,"frozenset({'tikka paste', 'chicken'})",frozenset({'bean paste'}),ingredient_to_ingredient,
"sugar, yeast",chocolate,0.038329764453961454,0.33646616541353386,1.9902431823701117,2,1,"frozenset({'yeast', 'sugar'})",frozenset({'chocolate'}),ingredient_to_ingredient,
"pisco, sugar",chocolate,0.011670235546038544,0.33641975308641975,1.9899686471356304,2,1,"frozenset({'sugar', 'pisco'})",frozenset({'chocolate'}),ingredient_to_ingredient,
"ginger, sugar",chocolate,0.01145610278372591,0.3333333333333333,1.971712054042643,2,1,"frozenset({'ginger', 'sugar'})",frozenset({'chocolate'}),ingredient_to_ingredient,
"corn, tikka paste",beef,0.015310492505353318,0.3333333333333333,1.7422122738295094,2,1,"frozenset({'tikka paste', 'corn'})",frozenset({'beef'}),ingredient_to_ingredient,
"chicken, corn",pasta,0.024197002141327622,0.3333333333333333,1.6360133123138902,2,1,"frozenset({'chicken', 'corn'})",frozenset({'pasta'}),ingredient_to_ingredient,
pepper,grape,0.031477516059957175,0.332955832389581,1.4648174632683404,1,1,frozenset({'pepper'}),frozenset({'grape'}),ingredient_to_ingredient,
"pasta, sugar",chicken,0.02880085653104925,0.33046683046683045,1.3525680090097267,2,1,"frozenset({'pasta', 'sugar'})",frozenset({'chicken'}),ingredient_to_ingredient,
"corn, shrimp stock",tikka paste,0.010278372591006424,0.32989690721649484,2.589274885211817,2,1,"frozenset({'corn', 'shrimp stock'})",frozenset({'tikka paste'}),ingredient_to_ingredient,
"rice, sugar",chocolate,0.026124197002141327,0.3292847503373819,1.9477641343579146,2,1,"frozenset({'rice', 'sugar'})",frozenset({'chocolate'}),ingredient_to_ingredient,
"cilantro, sugar",grape,0.010171306209850108,0.328719723183391,1.446180977170453,2,1,"frozenset({'cilantro', 'sugar'})",frozenset({'grape'}),ingredient_to_ingredient,
"sugar, tikka paste",beef,0.02987152034261242,0.3286219081272085,1.717587365365488,2,1,"frozenset({'tikka paste', 'sugar'})",frozenset({'beef'}),ingredient_to_ingredient,
"corn, truffle",grape,0.01145610278372591,0.3282208588957055,1.4439862562816248,2,1,"frozenset({'corn', 'truffle'})",frozenset({'grape'}),ingredient_to_ingredient,
"sausage, sugar",grape,0.014668094218415417,0.3277511961722488,1.4419200057695731,2,1,"frozenset({'sausage', 'sugar'})",frozenset({'grape'}),ingredient_to_ingredient,
fish paste,yeast,0.010385438972162741,0.3277027027027027,1.6771195853387633,1,1,frozenset({'fish paste'}),frozenset({'yeast'}),ingredient_to_ingredient,
wheat gluten,crabmeat,0.011349036402569594,0.3271604938271605,2.616163537967191,1,1,frozenset({'wheat gluten'}),frozenset({'crabmeat'}),ingredient_to_ingredient,
"sugar, truffle",grape,0.01006423982869379,0.3263888888888889,1.435926623750458,2,1,"frozenset({'truffle', 'sugar'})",frozenset({'grape'}),ingredient_to_ingredient,
chicken bouillon,chicken,0.010171306209850108,0.3253424657534247,1.3315944917339992,1,1,frozenset({'chicken bouillon'}),frozenset({'chicken'}),ingredient_to_ingredient,
tikka paste,chicken,0.04132762312633833,0.3243697478991597,1.3276132538905132,1,1,frozenset({'tikka paste'}),frozenset({'chicken'}),ingredient_to_ingredient,
potato,chicken,0.028586723768736617,0.32402912621359226,1.3262191230652725,1,1,frozenset({'potato'}),frozenset({'chicken'}),ingredient_to_ingredient,
"corn, tikka paste",chicken,0.014882226980728051,0.32400932400932403,1.3261380746043323,2,1,"frozenset({'tikka paste', 'corn'})",frozenset({'chicken'}),ingredient_to_ingredient,
cherry,"sugar, tikka paste",0.011991434689507495,0.3236994219653179,3.561074913022461,1,2,frozenset({'cherry'}),"frozenset({'tikka paste', 'sugar'})",ingredient_to_ingredient,
"sugar, tagliatelle",chocolate,0.028051391862955032,0.32305795314426633,1.91093178110668,2,1,"frozenset({'tagliatelle', 'sugar'})",frozenset({'chocolate'}),ingredient_to_ingredient,
"corn, vermicelli",rice,0.013276231263383297,0.3229166666666667,2.0120358016455415,2,1,"frozenset({'vermicelli', 'corn'})",frozenset({'rice'}),ingredient_to_ingredient,
"pasta, rice",chicken,0.011349036402569594,0.3221884498480243,1.3186854169941047,2,1,"frozenset({'pasta', 'rice'})",frozenset({'chicken'}),ingredient_to_ingredient,
"cereal, sugar",chocolate,0.015203426124197002,0.3219954648526077,1.9046470181908526,2,1,"frozenset({'cereal', 'sugar'})",frozenset({'chocolate'}),ingredient_to_ingredient,
"cereal, sugar",pasta,0.015203426124197002,0.3219954648526077,1.5803666010106967,2,1,"frozenset({'cereal', 'sugar'})",frozenset({'pasta'}),ingredient_to_ingredient,
garlic salt,tagliatelle,0.017130620985010708,0.3187250996015936,1.964945498533917,1,1,frozenset({'garlic salt'}),frozenset({'tagliatelle'}),ingredient_to_ingredient,
shell,rice,0.011241970021413276,0.3181818181818182,1.9825338104190673,1,1,frozenset({'shell'}),frozenset({'rice'}),ingredient_to_ingredient,
tikka paste,beef,0.040471092077087795,0.3176470588235294,1.6602258138845911,1,1,frozenset({'tikka paste'}),frozenset({'beef'}),ingredient_to_ingredient,
fish paste,chocolate,0.01006423982869379,0.31756756756756754,1.8784554028379232,1,1,frozenset({'fish paste'}),frozenset({'chocolate'}),ingredient_to_ingredient,
"cheese, corn",chicken,0.01734475374732334,0.31702544031311153,1.297553730291175,2,1,"frozenset({'corn', 'cheese'})",frozenset({'chicken'}),ingredient_to_ingredient,
bitter gourd,pancake,0.010278372591006424,0.31683168316831684,5.966145001596934,1,1,frozenset({'bitter gourd'}),frozenset({'pancake'}),ingredient_to_ingredient,
"corn, rice",grape,0.020556745182012847,0.31683168316831684,1.3938803206745545,2,1,"frozenset({'corn', 'rice'})",frozenset({'grape'}),ingredient_to_ingredient,
"corn, potato",chicken,0.010171306209850108,0.31666666666666665,1.2960853052877592,2,1,"frozenset({'corn', 'potato'})",frozenset({'chicken'}),ingredient_to_ingredient,
"corn, pasta",chicken,0.024197002141327622,0.31608391608391606,1.2937001648658089,2,1,"frozenset({'pasta', 'corn'})",frozenset({'chicken'}),ingredient_to_ingredient,
"pasta, sugar",grape,0.02740899357601713,0.3144963144963145,1.3836060185565602,2,1,"frozenset({'pasta', 'sugar'})",frozenset({'grape'}),ingredient_to_ingredient,
pasta,chicken,0.06402569593147751,0.31424067262217553,1.2861559519242416,1,1,frozenset({'pasta'}),frozenset({'chicken'}),ingredient_to_ingredient,
milk,cucumber,0.016809421841541754,0.314,1.9815945945945945,1,1,frozenset({'milk'}),frozenset({'cucumber'}),ingredient_to_ingredient,
cilantro,chicken,0.02259100642398287,0.31305637982195844,1.2813087587804959,1,1,frozenset({'cilantro'}),frozenset({'chicken'}),ingredient_to_ingredient,
wheat gluten,bean paste,0.010813704496788009,0.3117283950617284,4.165297868206786,1,1,frozenset({'wheat gluten'}),frozenset({'bean paste'}),ingredient_to_ingredient,
"shrimp stock, sugar",tikka paste,0.020021413276231262,0.3106312292358804,2.438063597532036,2,1,"frozenset({'shrimp stock', 'sugar'})",frozenset({'tikka paste'}),ingredient_to_ingredient,
"chicken, rice",grape,0.011670235546038544,0.31054131054131057,1.366206236672558,2,1,"frozenset({'chicken', 'rice'})",frozenset({'grape'}),ingredient_to_ingredient,
orange,chicken,0.010920770877944325,0.3100303951367781,1.2689237031452705,1,1,frozenset({'orange'}),frozenset({'chicken'}),ingredient_to_ingredient,
"potato, sugar",grape,0.012312633832976445,0.30997304582210244,1.3637061931127823,2,1,"frozenset({'potato', 'sugar'})",frozenset({'grape'}),ingredient_to_ingredient,
"pepper, sugar",chocolate,0.019700214132762312,0.30976430976430974,1.8322980704234662,2,1,"frozenset({'pepper', 'sugar'})",frozenset({'chocolate'}),ingredient_to_ingredient,
"espresso, sugar",grape,0.019057815845824413,0.3095652173913043,1.3619119785373446,2,1,"frozenset({'espresso', 'sugar'})",frozenset({'grape'}),ingredient_to_ingredient,
"shrimp stock, sugar",chicken,0.019914346895074948,0.3089700996677741,1.2645840187979887,2,1,"frozenset({'shrimp stock', 'sugar'})",frozenset({'chicken'}),ingredient_to_ingredient,
"corn, daikon",pasta,0.013918629550321198,0.3087885985748218,1.5155467738774755,2,1,"frozenset({'corn', 'daikon'})",frozenset({'pasta'}),ingredient_to_ingredient,
"pasta, potato",grape,0.010599571734475375,0.308411214953271,1.356835020095879,2,1,"frozenset({'pasta', 'potato'})",frozenset({'grape'}),ingredient_to_ingredient,
shrimp stock,chicken,0.032655246252676656,0.3077699293642785,1.2596718406057672,1,1,frozenset({'shrimp stock'}),frozenset({'chicken'}),ingredient_to_ingredient,
"rice, tagliatelle",grape,0.010492505353319057,0.3072100313479624,1.3515504911869847,2,1,"frozenset({'tagliatelle', 'rice'})",frozenset({'grape'}),ingredient_to_ingredient,
"pasta, vermicelli",grape,0.010492505353319057,0.30625,1.3473268959020255,2,1,"frozenset({'pasta', 'vermicelli'})",frozenset({'grape'}),ingredient_to_ingredient,
groundnut,yeast,0.012633832976445396,0.30569948186528495,1.5645113208886363,1,1,frozenset({'groundnut'}),frozenset({'yeast'}),ingredient_to_ingredient,
salt,grape,0.011670235546038544,0.30532212885154064,1.3432447873167168,1,1,frozenset({'salt'}),frozenset({'grape'}),ingredient_to_ingredient,
bean paste,"sugar, tikka paste",0.022805139186295502,0.30472103004291845,3.352290248057548,1,2,frozenset({'bean paste'}),"frozenset({'tikka paste', 'sugar'})",ingredient_to_ingredient,
"cheese, chicken",pasta,0.015738758029978588,0.30434782608695654,1.4937512851561607,2,1,"frozenset({'chicken', 'cheese'})",frozenset({'pasta'}),ingredient_to_ingredient,
"chocolate, corn",yeast,0.01809421841541756,0.3039568345323741,1.5555927860451364,2,1,"frozenset({'chocolate', 'corn'})",frozenset({'yeast'}),ingredient_to_ingredient,
"grape, yeast",tagliatelle,0.011349036402569594,0.3037249283667622,1.872469195343603,2,1,"frozenset({'yeast', 'grape'})",frozenset({'tagliatelle'}),ingredient_to_ingredient,
tagliatelle,yeast,0.04925053533190578,0.30363036303630364,1.5539219675392197,1,1,frozenset({'tagliatelle'}),frozenset({'yeast'}),ingredient_to_ingredient,
pie crust,rice,0.013597430406852249,0.3031026252983294,1.8885780655679762,1,1,frozenset({'pie crust'}),frozenset({'rice'}),ingredient_to_ingredient,
vermicelli,grape,0.03501070663811563,0.3030583873957368,1.3332856044635808,1,1,frozenset({'vermicelli'}),frozenset({'grape'}),ingredient_to_ingredient,
"corn, tikka paste",wheat gluten,0.013918629550321198,0.30303030303030304,8.735503179947624,2,1,"frozenset({'tikka paste', 'corn'})",frozenset({'wheat gluten'}),ingredient_to_ingredient,
salt,chocolate,0.011563169164882228,0.3025210084033613,1.7894529566101296,1,1,frozenset({'salt'}),frozenset({'chocolate'}),ingredient_to_ingredient,
pancake,tagliatelle,0.016059957173447537,0.3024193548387097,1.8644203129990418,1,1,frozenset({'pancake'}),frozenset({'tagliatelle'}),ingredient_to_ingredient,
"chicken, rice",pasta,0.011349036402569594,0.301994301994302,1.482200094916858,2,1,"frozenset({'chicken', 'rice'})",frozenset({'pasta'}),ingredient_to_ingredient,
cheese,chicken,0.05171306209850107,0.30131004366812225,1.2332321682122094,1,1,frozenset({'cheese'}),frozenset({'chicken'}),ingredient_to_ingredient,
"chocolate, sugar",yeast,0.038329764453961454,0.3010933557611438,1.5409380508542923,2,1,"frozenset({'chocolate', 'sugar'})",frozenset({'yeast'}),ingredient_to_ingredient,
crouton,"chocolate, sugar",0.013918629550321198,0.30092592592592593,2.3638756502507556,1,2,frozenset({'crouton'}),"frozenset({'chocolate', 'sugar'})",ingredient_to_ingredient,
